family,forget_accuracy,forget_js,forget_noop_js,forget_normalized_js,forget_reference_accuracy,label,loss_mia_auc,noise,parameter_error_ratio,retain_accuracy,retain_js,retain_noop_js,retain_normalized_js,retain_reference_accuracy,seed,test_accuracy,test_js,test_noop_js,test_normalized_js,test_reference_accuracy,total_real_uses
DS,,0.00047944607146643505,,1.0,,No-op / baseline,,,1.0,,,,,,202609263,0.7125,,,,,0.0
DS,,0.0,,0.0,,Exact retrain / reference,,,0.0,,,,,,202609263,0.7028,,,,,
DS,,1.1442625292958767e-05,,0.02386634487995766,,DS-Air / Original / peak,,0,0.3418478508569844,,,,,,202609263,0.7015,,,,,143939.7833991173
DS,,3.815118534559675e-06,,0.007957346533032887,,DS-Air / V1 / peak,,0,0.1711829603636212,,,,,,202609263,0.7032,,,,,144642.67486060417
DS,,1.0623999086416637e-05,,0.022158903198272215,,Original-cost-matched / baseline / peak,,0,0.32404206334519525,,,,,,202609263,0.7021000000000001,,,,,144524.7833991173
DS,,1.0814353186976208e-05,,0.022555932419884885,,gradient_MSE / baseline / peak,,0,0.35800339583878915,,,,,,202609263,0.7018,,,,,143939.7833991173
DS,,0.00026399805433184717,,0.5506313849321615,,Noisy stats retrain / baseline / peak,,0,30.322600468069293,,,,,,202609263,0.6847000000000001,,,,,90455.5614811265
DS,,0.009748406510547106,,20.33264446349639,,Diagonal Newton / baseline / peak,,0,10.851467812316686,,,,,,202609263,0.5176000000000001,,,,,22604.476095995095
DS,,6.759799689422169e-06,,0.014099186731777002,,DS-Air-subspace48 / V1 / peak,,0,0.38213747304910206,,,,,,202609263,0.7052,,,,,88173.3721603747
DS,,7.559412311185627e-07,,0.0015766971013161893,,DS-Air / Original / average-only,,0,0.020852721741618754,,,,,,202609263,0.7033,,,,,143939.7833991173
DS,,2.2911851914565944e-07,,0.0004778817322350289,,DS-Air / V1 / average-only,,0,0.006910776038020053,,,,,,202609263,0.7029000000000001,,,,,144642.67486060417
DS,,9.298291473391685e-06,,0.01939382138423182,,DS-Air / Original / peak,,1,0.3357883236810595,,,,,,202609263,0.7031000000000001,,,,,143939.7833991173
DS,,3.319529802675271e-06,,0.006923677135412014,,DS-Air / V1 / peak,,1,0.21165291477230136,,,,,,202609263,0.7027,,,,,144642.67486060417
DS,,8.657005841242014e-06,,0.018056266087995407,,Original-cost-matched / baseline / peak,,1,0.32333281198442926,,,,,,202609263,0.7029000000000001,,,,,144524.7833991173
DS,,8.867049156628492e-06,,0.01849436189873808,,gradient_MSE / baseline / peak,,1,0.3446433296086273,,,,,,202609263,0.7028,,,,,143939.7833991173
DS,,0.0003363504958449562,,0.7015397890657309,,Noisy stats retrain / baseline / peak,,1,38.30567735800738,,,,,,202609263,0.6957,,,,,90455.5614811265
DS,,0.009971094070584507,,20.797112885056897,,Diagonal Newton / baseline / peak,,1,12.40258958656659,,,,,,202609263,0.5215000000000001,,,,,22604.476095995095
DS,,6.890903525946894e-06,,0.01437263528903336,,DS-Air-subspace48 / V1 / peak,,1,0.36563334286047655,,,,,,202609263,0.7041000000000001,,,,,88173.3721603747
DS,,6.433789417056818e-07,,0.0013419213963686077,,DS-Air / Original / average-only,,1,0.017911103714838127,,,,,,202609263,0.7032,,,,,143939.7833991173
DS,,2.2173822753265995e-07,,0.0004624883604832777,,DS-Air / V1 / average-only,,1,0.007102262176441528,,,,,,202609263,0.7024,,,,,144642.67486060417
DS,,6.847529252932208e-06,,0.014282167819184202,,DS-Air / Original / peak,,2,0.34198984990758285,,,,,,202609263,0.6998000000000001,,,,,143939.7833991173
DS,,4.532692641869237e-06,,0.009454019777460123,,DS-Air / V1 / peak,,2,0.20567466528669154,,,,,,202609263,0.6997,,,,,144642.67486060417
DS,,6.403912901668368e-06,,0.013356899311076515,,Original-cost-matched / baseline / peak,,2,0.3288284755807288,,,,,,202609263,0.6998000000000001,,,,,144524.7833991173
DS,,6.489408334541543e-06,,0.01353522058214602,,gradient_MSE / baseline / peak,,2,0.3654582160322594,,,,,,202609263,0.6994,,,,,143939.7833991173
DS,,0.0002625285389718191,,0.5475663575026251,,Noisy stats retrain / baseline / peak,,2,32.26381454856339,,,,,,202609263,0.6941,,,,,90455.5614811265
DS,,0.00931020889917158,,19.418678039628837,,Diagonal Newton / baseline / peak,,2,10.720691656191372,,,,,,202609263,0.5231,,,,,22604.476095995095
DS,,6.0490730600124915e-06,,0.012616795548059827,,DS-Air-subspace48 / V1 / peak,,2,0.37545406042655155,,,,,,202609263,0.7040000000000001,,,,,88173.3721603747
DS,,4.320224451609182e-07,,0.0009010866307435437,,DS-Air / Original / average-only,,2,0.016979084189629137,,,,,,202609263,0.7019000000000001,,,,,143939.7833991173
DS,,2.7130655507592836e-07,,0.0005658750195743796,,DS-Air / V1 / average-only,,2,0.006225159399527385,,,,,,202609263,0.7025,,,,,144642.67486060417
DS,,8.603154856608831e-06,,0.017943946918357673,,DS-Air / Original / peak,,3,0.3581555820943811,,,,,,202609263,0.6991,,,,,143939.7833991173
DS,,3.886607462281362e-06,,0.008106453871639356,,DS-Air / V1 / peak,,3,0.21094239229215905,,,,,,202609263,0.6999000000000001,,,,,144642.67486060417
DS,,7.854576983761712e-06,,0.016382607870240092,,Original-cost-matched / baseline / peak,,3,0.34257062629077306,,,,,,202609263,0.6993,,,,,144524.7833991173
DS,,7.93363994681447e-06,,0.01654751267968182,,gradient_MSE / baseline / peak,,3,0.3593288575977175,,,,,,202609263,0.6983,,,,,143939.7833991173
DS,,0.00023270944113862392,,0.48537146300283196,,Noisy stats retrain / baseline / peak,,3,30.540244232061582,,,,,,202609263,0.6837000000000001,,,,,90455.5614811265
DS,,0.009279582975503648,,19.35480031595856,,Diagonal Newton / baseline / peak,,3,11.295712828940239,,,,,,202609263,0.517,,,,,22604.476095995095
DS,,8.71971468196959e-06,,0.018187060445191357,,DS-Air-subspace48 / V1 / peak,,3,0.3559760525099753,,,,,,202609263,0.7065,,,,,88173.3721603747
DS,,6.058041116143458e-07,,0.001263550058427701,,DS-Air / Original / average-only,,3,0.01997870253709363,,,,,,202609263,0.7020000000000001,,,,,143939.7833991173
DS,,2.768888773509343e-07,,0.0005775182941932161,,DS-Air / V1 / average-only,,3,0.00735239717830683,,,,,,202609263,0.7022,,,,,144642.67486060417
DS,,9.039470748499514e-06,,0.018853988564034665,,DS-Air / Original / peak,,4,0.3767139840791029,,,,,,202609263,0.6993,,,,,143939.7833991173
DS,,3.4399224038244857e-06,,0.007174784837225029,,DS-Air / V1 / peak,,4,0.20204038815745642,,,,,,202609263,0.7007,,,,,144642.67486060417
DS,,8.330049786973572e-06,,0.017374320664460256,,Original-cost-matched / baseline / peak,,4,0.3593849085604974,,,,,,202609263,0.6991,,,,,144524.7833991173
DS,,8.729252093738405e-06,,0.018206953009415827,,gradient_MSE / baseline / peak,,4,0.38949982042523645,,,,,,202609263,0.6990000000000001,,,,,143939.7833991173
DS,,0.00023658582282377243,,0.4934565885588558,,Noisy stats retrain / baseline / peak,,4,29.408773861969056,,,,,,202609263,0.681,,,,,90455.5614811265
DS,,0.009571917488425638,,19.964534194949067,,Diagonal Newton / baseline / peak,,4,11.075103396048421,,,,,,202609263,0.5251,,,,,22604.476095995095
DS,,6.143865353269437e-06,,0.012814507655632246,,DS-Air-subspace48 / V1 / peak,,4,0.3732579536614028,,,,,,202609263,0.7035,,,,,88173.3721603747
DS,,5.37765804636395e-07,,0.001121639818617312,,DS-Air / Original / average-only,,4,0.019991430843341484,,,,,,202609263,0.7023,,,,,143939.7833991173
DS,,1.7375146563307687e-07,,0.00036240043661561386,,DS-Air / V1 / average-only,,4,0.006625373107635201,,,,,,202609263,0.7033,,,,,144642.67486060417
DS,,7.313297767854849e-06,,0.015253639988093712,,DS-Air / Original / peak,,5,0.2921768739388405,,,,,,202609263,0.6989000000000001,,,,,143939.7833991173
DS,,3.7428436219889374e-06,,0.007806599834139981,,DS-Air / V1 / peak,,5,0.1981810388448132,,,,,,202609263,0.7010000000000001,,,,,144642.67486060417
DS,,6.892337991791905e-06,,0.014375627212276412,,Original-cost-matched / baseline / peak,,5,0.2817823229229905,,,,,,202609263,0.6988000000000001,,,,,144524.7833991173
DS,,7.1200650257461694e-06,,0.014850606667750389,,gradient_MSE / baseline / peak,,5,0.30660005213047387,,,,,,202609263,0.6988000000000001,,,,,143939.7833991173
DS,,0.00021864728084414867,,0.4560414483643458,,Noisy stats retrain / baseline / peak,,5,28.01717361458396,,,,,,202609263,0.6905,,,,,90455.5614811265
DS,,0.009760184583804786,,20.357210465719863,,Diagonal Newton / baseline / peak,,5,10.040593080166008,,,,,,202609263,0.527,,,,,22604.476095995095
DS,,7.2404261725099535e-06,,0.015101648763883634,,DS-Air-subspace48 / V1 / peak,,5,0.3568906784856812,,,,,,202609263,0.7057,,,,,88173.3721603747
DS,,5.154550140376227e-07,,0.001075105303211789,,DS-Air / Original / average-only,,5,0.015563000941425749,,,,,,202609263,0.7029000000000001,,,,,143939.7833991173
DS,,1.3879861990969967e-07,,0.0002894978771755702,,DS-Air / V1 / average-only,,5,0.006443090958524877,,,,,,202609263,0.7029000000000001,,,,,144642.67486060417
DS,,8.297621648469126e-06,,0.017306683988649648,,DS-Air / Original / peak,,6,0.33125927010584844,,,,,,202609263,0.7002,,,,,143939.7833991173
DS,,3.3460823768399052e-06,,0.006979058909807246,,DS-Air / V1 / peak,,6,0.1742698663375389,,,,,,202609263,0.6998000000000001,,,,,144642.67486060417
DS,,7.785295594806049e-06,,0.016238104884234265,,Original-cost-matched / baseline / peak,,6,0.3147422573830335,,,,,,202609263,0.7002,,,,,144524.7833991173
DS,,7.988279470579393e-06,,0.01666147653717637,,gradient_MSE / baseline / peak,,6,0.3511620930315011,,,,,,202609263,0.6997,,,,,143939.7833991173
DS,,0.00023790193027967775,,0.496201646938164,,Noisy stats retrain / baseline / peak,,6,29.28727913456454,,,,,,202609263,0.6888000000000001,,,,,90455.5614811265
DS,,0.009080733384889425,,18.940051708245452,,Diagonal Newton / baseline / peak,,6,10.453756317101062,,,,,,202609263,0.5282,,,,,22604.476095995095
DS,,5.706254588763867e-06,,0.011901765241939935,,DS-Air-subspace48 / V1 / peak,,6,0.4047387338281058,,,,,,202609263,0.7053,,,,,88173.3721603747
DS,,5.551694977531067e-07,,0.001157939402976155,,DS-Air / Original / average-only,,6,0.01921073485431752,,,,,,202609263,0.7022,,,,,143939.7833991173
DS,,1.0590117417977558e-07,,0.00022088234836478265,,DS-Air / V1 / average-only,,6,0.007007445246870952,,,,,,202609263,0.7024,,,,,144642.67486060417
DS,,1.4084738613353215e-05,,0.029377107148408986,,DS-Air / Original / peak,,7,0.4444812211934303,,,,,,202609263,0.7009000000000001,,,,,143939.7833991173
DS,,4.408258948314494e-06,,0.00919448340630132,,DS-Air / V1 / peak,,7,0.2327901744932172,,,,,,202609263,0.7023,,,,,144642.67486060417
DS,,1.3099726640764638e-05,,0.027322627966682007,,Original-cost-matched / baseline / peak,,7,0.42393250044793324,,,,,,202609263,0.7006,,,,,144524.7833991173
DS,,1.2991302839740398e-05,,0.027096484073808685,,gradient_MSE / baseline / peak,,7,0.44822199592407697,,,,,,202609263,0.7004,,,,,143939.7833991173
DS,,0.00023577769271376873,,0.491771039008868,,Noisy stats retrain / baseline / peak,,7,33.33535945410555,,,,,,202609263,0.6917,,,,,90455.5614811265
DS,,0.00935094246793467,,19.503637686161138,,Diagonal Newton / baseline / peak,,7,11.190443658284464,,,,,,202609263,0.521,,,,,22604.476095995095
DS,,7.200053285648713e-06,,0.015017441406134813,,DS-Air-subspace48 / V1 / peak,,7,0.3769215387066456,,,,,,202609263,0.7044,,,,,88173.3721603747
DS,,9.449409539853566e-07,,0.0019709014427736525,,DS-Air / Original / average-only,,7,0.025145733620471202,,,,,,202609263,0.7032,,,,,143939.7833991173
DS,,3.345092027544055e-07,,0.0006976993298355219,,DS-Air / V1 / average-only,,7,0.008039250918081288,,,,,,202609263,0.7019000000000001,,,,,144642.67486060417
DS,,7.169906046279097e-06,,0.014954562093603569,,DS-Air / Original / peak,,8,0.3601688363031549,,,,,,202609263,0.6982,,,,,143939.7833991173
DS,,3.3325267046352745e-06,,0.006950785297796682,,DS-Air / V1 / peak,,8,0.2171488466360749,,,,,,202609263,0.7016,,,,,144642.67486060417
DS,,6.784021443734447e-06,,0.014149707021239783,,Original-cost-matched / baseline / peak,,8,0.3468845154617772,,,,,,202609263,0.6985,,,,,144524.7833991173
DS,,6.999730986493154e-06,,0.014599621110845184,,gradient_MSE / baseline / peak,,8,0.3754259119473106,,,,,,202609263,0.6985,,,,,143939.7833991173
DS,,0.00022845912320243754,,0.4765064035328767,,Noisy stats retrain / baseline / peak,,8,29.47815766436303,,,,,,202609263,0.6942,,,,,90455.5614811265
DS,,0.009270571974652858,,19.336005708207935,,Diagonal Newton / baseline / peak,,8,10.627730297736285,,,,,,202609263,0.5217,,,,,22604.476095995095
DS,,6.36659154390749e-06,,0.013279056650593915,,DS-Air-subspace48 / V1 / peak,,8,0.3670302206744477,,,,,,202609263,0.7037,,,,,88173.3721603747
DS,,6.065256972310853e-07,,0.0012650550986390693,,DS-Air / Original / average-only,,8,0.019540616901805075,,,,,,202609263,0.7019000000000001,,,,,143939.7833991173
DS,,1.5868819837594668e-07,,0.00033098237282575395,,DS-Air / V1 / average-only,,8,0.007447276326743994,,,,,,202609263,0.7030000000000001,,,,,144642.67486060417
DS,,1.1160077910189796e-05,,0.023277024412892887,,DS-Air / Original / peak,,9,0.3385927192488447,,,,,,202609263,0.6985,,,,,143939.7833991173
DS,,4.501562285064093e-06,,0.009389089937259476,,DS-Air / V1 / peak,,9,0.20491826209281105,,,,,,202609263,0.6997,,,,,144642.67486060417
DS,,1.0313326360904238e-05,,0.021510920569981665,,Original-cost-matched / baseline / peak,,9,0.3255761213871291,,,,,,202609263,0.6990000000000001,,,,,144524.7833991173
DS,,1.0459642978268724e-05,,0.02181609903753478,,gradient_MSE / baseline / peak,,9,0.3520158142787758,,,,,,202609263,0.6992,,,,,143939.7833991173
DS,,0.0002827879074186901,,0.5898221390233822,,Noisy stats retrain / baseline / peak,,9,31.633808727219662,,,,,,202609263,0.6951,,,,,90455.5614811265
DS,,0.009593515624281516,,20.00958229762685,,Diagonal Newton / baseline / peak,,9,10.491021421209057,,,,,,202609263,0.5211,,,,,22604.476095995095
DS,,8.900746400253392e-06,,0.018564645598262063,,DS-Air-subspace48 / V1 / peak,,9,0.36512402710858793,,,,,,202609263,0.7053,,,,,88173.3721603747
DS,,4.4427265960597696e-07,,0.0009266373968757808,,DS-Air / Original / average-only,,9,0.018246213287881126,,,,,,202609263,0.7027,,,,,143939.7833991173
DS,,1.8247006532700661e-07,,0.00038058517148530004,,DS-Air / V1 / average-only,,9,0.007497626381564946,,,,,,202609263,0.7022,,,,,144642.67486060417
DS,,8.536468654387393e-06,,0.017804856817947693,,DS-Air / Original / peak,,10,0.3154468707218913,,,,,,202609263,0.7050000000000001,,,,,143939.7833991173
DS,,2.348802928806804e-06,,0.00489899295998557,,DS-Air / V1 / peak,,10,0.1737814242390355,,,,,,202609263,0.7026,,,,,144642.67486060417
DS,,7.806649668844315e-06,,0.01628264393733976,,Original-cost-matched / baseline / peak,,10,0.30140608782854655,,,,,,202609263,0.7044,,,,,144524.7833991173
DS,,8.277912658400724e-06,,0.017265576153501223,,gradient_MSE / baseline / peak,,10,0.3280726289625909,,,,,,202609263,0.7045,,,,,143939.7833991173
DS,,0.0002332727934422747,,0.4865464696139566,,Noisy stats retrain / baseline / peak,,10,28.147194855995888,,,,,,202609263,0.6854,,,,,90455.5614811265
DS,,0.009521636647957252,,19.859661418925278,,Diagonal Newton / baseline / peak,,10,12.338302697888802,,,,,,202609263,0.5233,,,,,22604.476095995095
DS,,6.850428832272046e-06,,0.014288215588709081,,DS-Air-subspace48 / V1 / peak,,10,0.37917732333150117,,,,,,202609263,0.7046,,,,,88173.3721603747
DS,,4.921330942675595e-07,,0.0010264618349302976,,DS-Air / Original / average-only,,10,0.018460512625738622,,,,,,202609263,0.7023,,,,,143939.7833991173
DS,,2.0459633279560185e-07,,0.0004267348195592112,,DS-Air / V1 / average-only,,10,0.006384984637918826,,,,,,202609263,0.7027,,,,,144642.67486060417
DS,,7.844839454444631e-06,,0.016362297912777518,,DS-Air / Original / peak,,11,0.35178982464072667,,,,,,202609263,0.7027,,,,,143939.7833991173
DS,,2.6281552767295597e-06,,0.005481649414064604,,DS-Air / V1 / peak,,11,0.181432183797698,,,,,,202609263,0.7027,,,,,144642.67486060417
DS,,7.4554899812722415e-06,,0.015550216020060107,,Original-cost-matched / baseline / peak,,11,0.33512425481780395,,,,,,202609263,0.7028,,,,,144524.7833991173
DS,,7.568334478247384e-06,,0.015785580336697424,,gradient_MSE / baseline / peak,,11,0.3680841988762537,,,,,,202609263,0.7031000000000001,,,,,143939.7833991173
DS,,0.0002475424179829556,,0.5163092007946205,,Noisy stats retrain / baseline / peak,,11,30.497237313969556,,,,,,202609263,0.6980000000000001,,,,,90455.5614811265
DS,,0.009553905923313642,,19.926966747463464,,Diagonal Newton / baseline / peak,,11,11.251979360622832,,,,,,202609263,0.5204,,,,,22604.476095995095
DS,,6.539147702678607e-06,,0.013638963987499057,,DS-Air-subspace48 / V1 / peak,,11,0.3849605263811132,,,,,,202609263,0.7056,,,,,88173.3721603747
DS,,6.504610220327317e-07,,0.001356692776818944,,DS-Air / Original / average-only,,11,0.01960550757323513,,,,,,202609263,0.7029000000000001,,,,,143939.7833991173
DS,,1.4525089541569455e-07,,0.0003029556483202162,,DS-Air / V1 / average-only,,11,0.005968900702213689,,,,,,202609263,0.7024,,,,,144642.67486060417
DS,,1.1676121398938568e-05,,0.024353357121533924,,DS-Air / Original / peak,,12,0.40790415184810114,,,,,,202609263,0.6986,,,,,143939.7833991173
DS,,4.261446793008967e-06,,0.008888271375287098,,DS-Air / V1 / peak,,12,0.24382684653179523,,,,,,202609263,0.7003,,,,,144642.67486060417
DS,,1.0905250598613675e-05,,0.022745520815842427,,Original-cost-matched / baseline / peak,,12,0.39308979365944635,,,,,,202609263,0.6990000000000001,,,,,144524.7833991173
DS,,1.131111916383469e-05,,0.023592057244808513,,gradient_MSE / baseline / peak,,12,0.42338570042757445,,,,,,202609263,0.6987,,,,,143939.7833991173
DS,,0.000264209475470238,,0.5510723545238908,,Noisy stats retrain / baseline / peak,,12,36.20982780917487,,,,,,202609263,0.6920000000000001,,,,,90455.5614811265
DS,,0.009425656515947536,,19.6594717881788,,Diagonal Newton / baseline / peak,,12,9.618740899310502,,,,,,202609263,0.521,,,,,22604.476095995095
DS,,5.391027691756841e-06,,0.011244283794562816,,DS-Air-subspace48 / V1 / peak,,12,0.38466305765512715,,,,,,202609263,0.7040000000000001,,,,,88173.3721603747
DS,,4.971326697038068e-07,,0.0010368896509742492,,DS-Air / Original / average-only,,12,0.01910461914801461,,,,,,202609263,0.7029000000000001,,,,,143939.7833991173
DS,,1.7075884667439572e-07,,0.0003561586106068452,,DS-Air / V1 / average-only,,12,0.007087321380713705,,,,,,202609263,0.7027,,,,,144642.67486060417
DS,,8.766477392810772e-06,,0.018284595316419218,,DS-Air / Original / peak,,13,0.3841202171674414,,,,,,202609263,0.6998000000000001,,,,,143939.7833991173
DS,,4.149171400665733e-06,,0.008654094063123858,,DS-Air / V1 / peak,,13,0.2217491481301802,,,,,,202609263,0.7000000000000001,,,,,144642.67486060417
DS,,8.36082192416159e-06,,0.017438503351563935,,Original-cost-matched / baseline / peak,,13,0.3675850813495096,,,,,,202609263,0.6999000000000001,,,,,144524.7833991173
DS,,8.489800589265513e-06,,0.0177075193531122,,gradient_MSE / baseline / peak,,13,0.3951028300130915,,,,,,202609263,0.7001000000000001,,,,,143939.7833991173
DS,,0.00023671636330890484,,0.4937288621114019,,Noisy stats retrain / baseline / peak,,13,30.15664146288778,,,,,,202609263,0.6974,,,,,90455.5614811265
DS,,0.009575622000480141,,19.972260845087575,,Diagonal Newton / baseline / peak,,13,10.027581725195448,,,,,,202609263,0.5294,,,,,22604.476095995095
DS,,5.596617365028304e-06,,0.011673090464398789,,DS-Air-subspace48 / V1 / peak,,13,0.3635514326138676,,,,,,202609263,0.7041000000000001,,,,,88173.3721603747
DS,,6.326960388981212e-07,,0.0013196396353044575,,DS-Air / Original / average-only,,13,0.020891188445767737,,,,,,202609263,0.7023,,,,,143939.7833991173
DS,,2.0495513715292065e-07,,0.0004274831922723745,,DS-Air / V1 / average-only,,13,0.007451669809510715,,,,,,202609263,0.7027,,,,,144642.67486060417
DS,,8.623398264719438e-06,,0.01798616941076165,,DS-Air / Original / peak,,14,0.35815191198738844,,,,,,202609263,0.7026,,,,,143939.7833991173
DS,,3.3916262209381666e-06,,0.007074051541531103,,DS-Air / V1 / peak,,14,0.21554570253247027,,,,,,202609263,0.7012,,,,,144642.67486060417
DS,,7.896619375314383e-06,,0.016470297381229473,,Original-cost-matched / baseline / peak,,14,0.34489506880734855,,,,,,202609263,0.7026,,,,,144524.7833991173
DS,,8.17595421902771e-06,,0.017052917326073218,,gradient_MSE / baseline / peak,,14,0.3764399557918526,,,,,,202609263,0.7030000000000001,,,,,143939.7833991173
DS,,0.00021694653876386388,,0.45249414204252547,,Noisy stats retrain / baseline / peak,,14,30.37443778503334,,,,,,202609263,0.6876,,,,,90455.5614811265
DS,,0.009635474502221162,,20.097097620906712,,Diagonal Newton / baseline / peak,,14,11.165185110349306,,,,,,202609263,0.5214,,,,,22604.476095995095
DS,,6.458397203271045e-06,,0.013470539415449527,,DS-Air-subspace48 / V1 / peak,,14,0.3643743316829084,,,,,,202609263,0.7055,,,,,88173.3721603747
DS,,6.510469902110245e-07,,0.0013579149542715626,,DS-Air / Original / average-only,,14,0.01734318427805323,,,,,,202609263,0.7037,,,,,143939.7833991173
DS,,2.2587662205787052e-07,,0.00047111997678279786,,DS-Air / V1 / average-only,,14,0.0066222549846861566,,,,,,202609263,0.7037,,,,,144642.67486060417
DS,,1.212786984115241e-05,,0.02529558705957914,,DS-Air / Original / peak,,15,0.4367491003912633,,,,,,202609263,0.6988000000000001,,,,,143939.7833991173
DS,,3.5697856770783105e-06,,0.007445645901654287,,DS-Air / V1 / peak,,15,0.23721311962452266,,,,,,202609263,0.7012,,,,,144642.67486060417
DS,,1.1427349574553397e-05,,0.023834483698243005,,Original-cost-matched / baseline / peak,,15,0.4174578962244645,,,,,,202609263,0.6993,,,,,144524.7833991173
DS,,1.1372356744782697e-05,,0.023719782936168766,,gradient_MSE / baseline / peak,,15,0.4411783101474727,,,,,,202609263,0.6990000000000001,,,,,143939.7833991173
DS,,0.00025892825162510537,,0.5400570930389453,,Noisy stats retrain / baseline / peak,,15,31.302366500094696,,,,,,202609263,0.6969000000000001,,,,,90455.5614811265
DS,,0.009253631465450975,,19.300672205213388,,Diagonal Newton / baseline / peak,,15,9.926010801502546,,,,,,202609263,0.533,,,,,22604.476095995095
DS,,6.3121902124128176e-06,,0.013165589600320085,,DS-Air-subspace48 / V1 / peak,,15,0.3617287478456384,,,,,,202609263,0.7055,,,,,88173.3721603747
DS,,8.149699927657512e-07,,0.0016998157692127537,,DS-Air / Original / average-only,,15,0.02375155477487744,,,,,,202609263,0.7017,,,,,143939.7833991173
DS,,1.5161207446804055e-07,,0.0003162234159189572,,DS-Air / V1 / average-only,,15,0.007044897427585893,,,,,,202609263,0.7025,,,,,144642.67486060417
DS,,0.00012681216036717805,,0.26449723527676433,,Retained GD40 noiseless / baseline,,,0.6597909127478735,,,,,,202609263,0.7137,,,,,324568.4365347705
DS,,0.0005077653790353027,,1.0,,No-op / baseline,,,1.0,,,,,,202609264,0.7093,,,,,0.0
DS,,0.0,,0.0,,Exact retrain / reference,,,0.0,,,,,,202609264,0.6982,,,,,
DS,,7.511477798626362e-06,,0.014793205895402574,,DS-Air / Original / peak,,0,0.3066464249944277,,,,,,202609264,0.6987,,,,,143939.7833991173
DS,,3.6600021516031247e-06,,0.007208057702864103,,DS-Air / V1 / peak,,0,0.200955887677451,,,,,,202609264,0.6970000000000001,,,,,144642.67486060417
DS,,7.045562348968663e-06,,0.013875625711927114,,Original-cost-matched / baseline / peak,,0,0.29684507732721227,,,,,,202609264,0.6989000000000001,,,,,144524.7833991173
DS,,7.188482535262621e-06,,0.014157094658402926,,gradient_MSE / baseline / peak,,0,0.3185540661689614,,,,,,202609264,0.6995,,,,,143939.7833991173
DS,,0.00021264857315994362,,0.4187929739596506,,Noisy stats retrain / baseline / peak,,0,27.613202529836226,,,,,,202609264,0.6914,,,,,90455.5614811265
DS,,0.01009311617969893,,19.877519414330138,,Diagonal Newton / baseline / peak,,0,10.174525241383137,,,,,,202609264,0.517,,,,,22604.476095995095
DS,,6.651061126657256e-06,,0.013098689672961805,,DS-Air-subspace48 / V1 / peak,,0,0.35136808913671397,,,,,,202609264,0.7003,,,,,88173.3721603747
DS,,5.506234469004253e-07,,0.0010844052580870089,,DS-Air / Original / average-only,,0,0.01608201951072425,,,,,,202609264,0.6986,,,,,143939.7833991173
DS,,1.8223906411944617e-07,,0.0003589040758660623,,DS-Air / V1 / average-only,,0,0.006490110692925002,,,,,,202609264,0.6984,,,,,144642.67486060417
DS,,9.246739237197874e-06,,0.01821065322485287,,DS-Air / Original / peak,,1,0.3560613767266661,,,,,,202609264,0.6939000000000001,,,,,143939.7833991173
DS,,3.781353181492083e-06,,0.007447048061205414,,DS-Air / V1 / peak,,1,0.19210879633718858,,,,,,202609264,0.6940000000000001,,,,,144642.67486060417
DS,,8.65519416520116e-06,,0.01704565636523912,,Original-cost-matched / baseline / peak,,1,0.33956736408942856,,,,,,202609264,0.6942,,,,,144524.7833991173
DS,,8.978367834393371e-06,,0.017682118957088534,,gradient_MSE / baseline / peak,,1,0.3846685943355838,,,,,,202609264,0.6943,,,,,143939.7833991173
DS,,0.0002349743696855468,,0.46276169937377726,,Noisy stats retrain / baseline / peak,,1,29.47711866669463,,,,,,202609264,0.6854,,,,,90455.5614811265
DS,,0.009378654672009365,,18.470449265028186,,Diagonal Newton / baseline / peak,,1,10.6274664574301,,,,,,202609264,0.5185000000000001,,,,,22604.476095995095
DS,,5.329489992049153e-06,,0.010495969619225687,,DS-Air-subspace48 / V1 / peak,,1,0.38939258215625255,,,,,,202609264,0.7017,,,,,88173.3721603747
DS,,5.666545393101829e-07,,0.0011159771081414866,,DS-Air / Original / average-only,,1,0.020663669623364377,,,,,,202609264,0.6992,,,,,143939.7833991173
DS,,1.1595684251156005e-07,,0.00022836697281698303,,DS-Air / V1 / average-only,,1,0.007663133043776413,,,,,,202609264,0.6983,,,,,144642.67486060417
DS,,1.3763819484048652e-05,,0.02710665211204113,,DS-Air / Original / peak,,2,0.44030947562023254,,,,,,202609264,0.6939000000000001,,,,,143939.7833991173
DS,,5.28722436411558e-06,,0.010412731120346791,,DS-Air / V1 / peak,,2,0.22282438544330047,,,,,,202609264,0.6956,,,,,144642.67486060417
DS,,1.3048995900885748e-05,,0.025698868886408478,,Original-cost-matched / baseline / peak,,2,0.42189710629459604,,,,,,202609264,0.6944,,,,,144524.7833991173
DS,,1.300552975226328e-05,,0.025613266065859647,,gradient_MSE / baseline / peak,,2,0.44403957450781445,,,,,,202609264,0.6945,,,,,143939.7833991173
DS,,0.00022606819368651282,,0.44522175599292935,,Noisy stats retrain / baseline / peak,,2,33.0084142791942,,,,,,202609264,0.6892,,,,,90455.5614811265
DS,,0.009714630381933376,,19.13212436891638,,Diagonal Newton / baseline / peak,,2,11.42437489357727,,,,,,202609264,0.5113,,,,,22604.476095995095
DS,,6.64774439461859e-06,,0.013092157656058707,,DS-Air-subspace48 / V1 / peak,,2,0.3659678469649583,,,,,,202609264,0.6993,,,,,88173.3721603747
DS,,1.1387636014893413e-06,,0.0022426964273398564,,DS-Air / Original / average-only,,2,0.026517783974687043,,,,,,202609264,0.6982,,,,,143939.7833991173
DS,,3.623946037644628e-07,,0.0007137048304730266,,DS-Air / V1 / average-only,,2,0.0081070316113658,,,,,,202609264,0.6985,,,,,144642.67486060417
DS,,7.694954598255479e-06,,0.015154547584309569,,DS-Air / Original / peak,,3,0.38269843145116555,,,,,,202609264,0.6968000000000001,,,,,143939.7833991173
DS,,3.3709145030373922e-06,,0.006638724580714329,,DS-Air / V1 / peak,,3,0.22213324734781514,,,,,,202609264,0.6972,,,,,144642.67486060417
DS,,7.185664409071993e-06,,0.01415154460259569,,Original-cost-matched / baseline / peak,,3,0.3664595002496125,,,,,,202609264,0.6965,,,,,144524.7833991173
DS,,7.447419864379695e-06,,0.014667049333944268,,gradient_MSE / baseline / peak,,3,0.40589840760583173,,,,,,202609264,0.6964,,,,,143939.7833991173
DS,,0.00021662931000405794,,0.42663269090072536,,Noisy stats retrain / baseline / peak,,3,29.439897403023515,,,,,,202609264,0.6931,,,,,90455.5614811265
DS,,0.009638625933933886,,18.982440181814276,,Diagonal Newton / baseline / peak,,3,10.813040045895804,,,,,,202609264,0.5121,,,,,22604.476095995095
DS,,5.7042978821347955e-06,,0.011234121343547137,,DS-Air-subspace48 / V1 / peak,,3,0.3557670376221813,,,,,,202609264,0.6995,,,,,88173.3721603747
DS,,6.241962997317235e-07,,0.001229300628801488,,DS-Air / Original / average-only,,3,0.020134264956406384,,,,,,202609264,0.6975,,,,,143939.7833991173
DS,,1.509213279930916e-07,,0.00029722650307475713,,DS-Air / V1 / average-only,,3,0.0073207916320686085,,,,,,202609264,0.6979000000000001,,,,,144642.67486060417
DS,,1.1589004711006059e-05,,0.022823542505051978,,DS-Air / Original / peak,,4,0.35553874470738817,,,,,,202609264,0.6947,,,,,143939.7833991173
DS,,5.104908849536131e-06,,0.010053676481911559,,DS-Air / V1 / peak,,4,0.20689271487929303,,,,,,202609264,0.6963,,,,,144642.67486060417
DS,,1.0773082910130228e-05,,0.02121665508309739,,Original-cost-matched / baseline / peak,,4,0.3420759813751425,,,,,,202609264,0.6945,,,,,144524.7833991173
DS,,1.1109674893889199e-05,,0.02187954388500519,,gradient_MSE / baseline / peak,,4,0.37834134629987703,,,,,,202609264,0.6949000000000001,,,,,143939.7833991173
DS,,0.0002826849068363218,,0.5567234760538252,,Noisy stats retrain / baseline / peak,,4,32.03160903696712,,,,,,202609264,0.6950000000000001,,,,,90455.5614811265
DS,,0.009939497004950048,,19.57497973539271,,Diagonal Newton / baseline / peak,,4,10.710294474835337,,,,,,202609264,0.5106,,,,,22604.476095995095
DS,,8.38058785880084e-06,,0.016504842994067494,,DS-Air-subspace48 / V1 / peak,,4,0.3494837433903592,,,,,,202609264,0.7011000000000001,,,,,88173.3721603747
DS,,4.6774563798280724e-07,,0.0009211845810982063,,DS-Air / Original / average-only,,4,0.018913650033014935,,,,,,202609264,0.6992,,,,,143939.7833991173
DS,,1.8400553701946675e-07,,0.00036238299146951815,,DS-Air / V1 / average-only,,4,0.007437685953444293,,,,,,202609264,0.6984,,,,,144642.67486060417
DS,,7.808732075765359e-06,,0.015378622486237786,,DS-Air / Original / peak,,5,0.3164205234661961,,,,,,202609264,0.7005,,,,,143939.7833991173
DS,,2.1525910541897454e-06,,0.0042393419147233454,,DS-Air / V1 / peak,,5,0.17745376991586784,,,,,,202609264,0.6989000000000001,,,,,144642.67486060417
DS,,7.2387289738746155e-06,,0.014256050673693801,,Original-cost-matched / baseline / peak,,5,0.30269098740820616,,,,,,202609264,0.6999000000000001,,,,,144524.7833991173
DS,,7.392624299973181e-06,,0.014559134208831525,,gradient_MSE / baseline / peak,,5,0.3261339807378651,,,,,,202609264,0.7005,,,,,143939.7833991173
DS,,0.00022489103301892395,,0.4429034398646708,,Noisy stats retrain / baseline / peak,,5,27.89138120697501,,,,,,202609264,0.6842,,,,,90455.5614811265
DS,,0.009925596128078244,,19.547603160608872,,Diagonal Newton / baseline / peak,,5,12.55913333454036,,,,,,202609264,0.5136000000000001,,,,,22604.476095995095
DS,,6.016856916053084e-06,,0.011849679329229649,,DS-Air-subspace48 / V1 / peak,,5,0.3674477296179997,,,,,,202609264,0.7004,,,,,88173.3721603747
DS,,5.010228613515054e-07,,0.000986721194547357,,DS-Air / Original / average-only,,5,0.02005572393472078,,,,,,202609264,0.6985,,,,,143939.7833991173
DS,,2.0777107548532322e-07,,0.00040918716411911536,,DS-Air / V1 / average-only,,5,0.006919555849911876,,,,,,202609264,0.6985,,,,,144642.67486060417
DS,,7.834078121271267e-06,,0.01542853933081286,,DS-Air / Original / peak,,6,0.33980135693174823,,,,,,202609264,0.6986,,,,,143939.7833991173
DS,,2.3175861597353812e-06,,0.004564285505519371,,DS-Air / V1 / peak,,6,0.16799560417138346,,,,,,202609264,0.6983,,,,,144642.67486060417
DS,,7.156625002027564e-06,,0.014094354001890302,,Original-cost-matched / baseline / peak,,6,0.3228627935478033,,,,,,202609264,0.6987,,,,,144524.7833991173
DS,,7.470531146272746e-06,,0.014712565004857004,,gradient_MSE / baseline / peak,,6,0.35009221645212324,,,,,,202609264,0.6984,,,,,143939.7833991173
DS,,0.000226624159219949,,0.446316682028439,,Noisy stats retrain / baseline / peak,,6,29.92083375078035,,,,,,202609264,0.6971,,,,,90455.5614811265
DS,,0.009904105938680444,,19.5052800911656,,Diagonal Newton / baseline / peak,,6,11.455724697424769,,,,,,202609264,0.5104000000000001,,,,,22604.476095995095
DS,,6.3053659869639115e-06,,0.012417872992726287,,DS-Air-subspace48 / V1 / peak,,6,0.3877470824149746,,,,,,202609264,0.7008,,,,,88173.3721603747
DS,,7.221306592837175e-07,,0.0014221738801012483,,DS-Air / Original / average-only,,6,0.02043737336316962,,,,,,202609264,0.6993,,,,,143939.7833991173
DS,,1.4836155389513262e-07,,0.0002921852493704926,,DS-Air / V1 / average-only,,6,0.00586587661651318,,,,,,202609264,0.6990000000000001,,,,,144642.67486060417
DS,,1.1862125428089826e-05,,0.023361430136545614,,DS-Air / Original / peak,,7,0.42457681062416475,,,,,,202609264,0.6960000000000001,,,,,143939.7833991173
DS,,4.084376181749511e-06,,0.008043825653315254,,DS-Air / V1 / peak,,7,0.23429156896033998,,,,,,202609264,0.6967,,,,,144642.67486060417
DS,,1.1155279662685605e-05,,0.02196935853302836,,Original-cost-matched / baseline / peak,,7,0.40515107301366393,,,,,,202609264,0.6955,,,,,144524.7833991173
DS,,1.1515151572337315e-05,,0.022678095135621128,,gradient_MSE / baseline / peak,,7,0.45180017483699736,,,,,,202609264,0.6958000000000001,,,,,143939.7833991173
DS,,0.0002558695122495109,,0.5039128755403417,,Noisy stats retrain / baseline / peak,,7,35.774118492977884,,,,,,202609264,0.6926,,,,,90455.5614811265
DS,,0.009761635953882406,,19.224697777600397,,Diagonal Newton / baseline / peak,,7,9.75964883720561,,,,,,202609264,0.5127,,,,,22604.476095995095
DS,,5.634364653283023e-06,,0.011096393897488017,,DS-Air-subspace48 / V1 / peak,,7,0.3669228607735614,,,,,,202609264,0.7007,,,,,88173.3721603747
DS,,5.560883423795231e-07,,0.0010951678971024544,,DS-Air / Original / average-only,,7,0.020726999323409576,,,,,,202609264,0.6984,,,,,143939.7833991173
DS,,1.7712090265416027e-07,,0.000348824299503582,,DS-Air / V1 / average-only,,7,0.007486802734049502,,,,,,202609264,0.6985,,,,,144642.67486060417
DS,,9.287561994861703e-06,,0.018291050115521918,,DS-Air / Original / peak,,8,0.3943696126803645,,,,,,202609264,0.6976,,,,,143939.7833991173
DS,,4.474265726601004e-06,,0.008811679392363471,,DS-Air / V1 / peak,,8,0.2283213171147583,,,,,,202609264,0.6962,,,,,144642.67486060417
DS,,8.573869444558828e-06,,0.01688549436128989,,Original-cost-matched / baseline / peak,,8,0.37778178781190436,,,,,,202609264,0.6974,,,,,144524.7833991173
DS,,8.882280255298749e-06,,0.017492882780181046,,gradient_MSE / baseline / peak,,8,0.40605430874187204,,,,,,202609264,0.6976,,,,,143939.7833991173
DS,,0.0002249714207378755,,0.44306175652482643,,Noisy stats retrain / baseline / peak,,8,30.072072690960788,,,,,,202609264,0.6977,,,,,90455.5614811265
DS,,0.009925912945463612,,19.548227105049452,,Diagonal Newton / baseline / peak,,8,10.179428412410562,,,,,,202609264,0.5221,,,,,22604.476095995095
DS,,5.474486696307245e-06,,0.010781528088244528,,DS-Air-subspace48 / V1 / peak,,8,0.3533301095503338,,,,,,202609264,0.7004,,,,,88173.3721603747
DS,,6.700051937859628e-07,,0.001319517283866217,,DS-Air / Original / average-only,,8,0.022343601950728778,,,,,,202609264,0.6977,,,,,143939.7833991173
DS,,2.1774880085502946e-07,,0.0004288374313127212,,DS-Air / V1 / average-only,,8,0.007892741884816288,,,,,,202609264,0.6988000000000001,,,,,144642.67486060417
DS,,8.121375999034395e-06,,0.015994347654154955,,DS-Air / Original / peak,,9,0.33253775129977775,,,,,,202609264,0.7003,,,,,143939.7833991173
DS,,2.6642207019053015e-06,,0.005246952257688427,,DS-Air / V1 / peak,,9,0.19902043653038898,,,,,,202609264,0.6981,,,,,144642.67486060417
DS,,7.380970442814111e-06,,0.014536182945038764,,Original-cost-matched / baseline / peak,,9,0.31867148630437203,,,,,,202609264,0.7004,,,,,144524.7833991173
DS,,7.57509714340094e-06,,0.014918498692826942,,gradient_MSE / baseline / peak,,9,0.3387438687348555,,,,,,202609264,0.7003,,,,,143939.7833991173
DS,,0.0002151563392335165,,0.42373180235779256,,Noisy stats retrain / baseline / peak,,9,29.91493550552653,,,,,,202609264,0.6907,,,,,90455.5614811265
DS,,0.00998643620330219,,19.667422427017968,,Diagonal Newton / baseline / peak,,9,11.305160118722837,,,,,,202609264,0.5116,,,,,22604.476095995095
DS,,5.604456904980228e-06,,0.011037493173772634,,DS-Air-subspace48 / V1 / peak,,9,0.3525049317314771,,,,,,202609264,0.7000000000000001,,,,,88173.3721603747
DS,,7.290708630063054e-07,,0.0014358420111104432,,DS-Air / Original / average-only,,9,0.01964904895612613,,,,,,202609264,0.6991,,,,,143939.7833991173
DS,,2.4404511622803216e-07,,0.00048062575020709473,,DS-Air / V1 / average-only,,9,0.007500410147322441,,,,,,202609264,0.6987,,,,,144642.67486060417
DS,,1.4285308776077279e-05,,0.028133680171770994,,DS-Air / Original / peak,,10,0.4532337408206529,,,,,,202609264,0.6940000000000001,,,,,143939.7833991173
DS,,5.645085508258347e-06,,0.011117507694170439,,DS-Air / V1 / peak,,10,0.24503496733251529,,,,,,202609264,0.6946,,,,,144642.67486060417
DS,,1.3229144928275049e-05,,0.026053656815691023,,Original-cost-matched / baseline / peak,,10,0.43268057330219806,,,,,,202609264,0.6944,,,,,144524.7833991173
DS,,1.3739262764977945e-05,,0.027058289777615412,,gradient_MSE / baseline / peak,,10,0.45777060985106593,,,,,,202609264,0.6951,,,,,143939.7833991173
DS,,0.000248246221201513,,0.48889946312045335,,Noisy stats retrain / baseline / peak,,10,31.592938696675777,,,,,,202609264,0.6947,,,,,90455.5614811265
DS,,0.009603979528598738,,18.914207082895693,,Diagonal Newton / baseline / peak,,10,10.114128237093443,,,,,,202609264,0.5247,,,,,22604.476095995095
DS,,5.8400644090974615e-06,,0.011501501776653086,,DS-Air-subspace48 / V1 / peak,,10,0.3473177114289615,,,,,,202609264,0.7006,,,,,88173.3721603747
DS,,8.755988043362131e-07,,0.0017244161191134234,,DS-Air / Original / average-only,,10,0.025339677082415357,,,,,,202609264,0.6986,,,,,143939.7833991173
DS,,1.9744720998679664e-07,,0.0003888552038776732,,DS-Air / V1 / average-only,,10,0.00709634076870354,,,,,,202609264,0.6985,,,,,144642.67486060417
DS,,7.762253286706307e-06,,0.015287086530896846,,DS-Air / Original / peak,,11,0.34748101889204386,,,,,,202609264,0.6971,,,,,143939.7833991173
DS,,3.825658417327451e-06,,0.0075343033914517235,,DS-Air / V1 / peak,,11,0.1951881383476592,,,,,,202609264,0.6975,,,,,144642.67486060417
DS,,7.280820678035741e-06,,0.014338946644744634,,Original-cost-matched / baseline / peak,,11,0.33289724149131117,,,,,,202609264,0.6971,,,,,144524.7833991173
DS,,7.660438548033498e-06,,0.015086571208512626,,gradient_MSE / baseline / peak,,11,0.3609470873635879,,,,,,202609264,0.6966,,,,,143939.7833991173
DS,,0.0002659281840472635,,0.5237225597233456,,Noisy stats retrain / baseline / peak,,11,31.098536348965556,,,,,,202609264,0.6847000000000001,,,,,90455.5614811265
DS,,0.010026319330557037,,19.745968796860314,,Diagonal Newton / baseline / peak,,11,11.267774864346158,,,,,,202609264,0.5142,,,,,22604.476095995095
DS,,6.444066361676146e-06,,0.012691031385241644,,DS-Air-subspace48 / V1 / peak,,11,0.3598849397524668,,,,,,202609264,0.7010000000000001,,,,,88173.3721603747
DS,,6.848576190491938e-07,,0.0013487678509124558,,DS-Air / Original / average-only,,11,0.01973801701404238,,,,,,202609264,0.6979000000000001,,,,,143939.7833991173
DS,,2.9365936463661876e-07,,0.0005783367215672298,,DS-Air / V1 / average-only,,11,0.007095997710117983,,,,,,202609264,0.6984,,,,,144642.67486060417
DS,,9.843444595156608e-06,,0.019385812821382287,,DS-Air / Original / peak,,12,0.4019224170890835,,,,,,202609264,0.6959000000000001,,,,,143939.7833991173
DS,,4.4334320877924576e-06,,0.008731261072220957,,DS-Air / V1 / peak,,12,0.2237987914296154,,,,,,202609264,0.6975,,,,,144642.67486060417
DS,,9.37524569679509e-06,,0.018463735583168366,,Original-cost-matched / baseline / peak,,12,0.38333235509527636,,,,,,202609264,0.6957,,,,,144524.7833991173
DS,,9.685469648280689e-06,,0.019074694825948937,,gradient_MSE / baseline / peak,,12,0.44032483967250424,,,,,,202609264,0.6960000000000001,,,,,143939.7833991173
DS,,0.00023227202198459842,,0.4574396592888811,,Noisy stats retrain / baseline / peak,,12,28.974641026255277,,,,,,202609264,0.6966,,,,,90455.5614811265
DS,,0.009421762848076042,,18.55534708958759,,Diagonal Newton / baseline / peak,,12,10.720889220945027,,,,,,202609264,0.505,,,,,22604.476095995095
DS,,6.23797694685911e-06,,0.012285156106370558,,DS-Air-subspace48 / V1 / peak,,12,0.3543894483944888,,,,,,202609264,0.7021000000000001,,,,,88173.3721603747
DS,,6.104530828795301e-07,,0.0012022345517910705,,DS-Air / Original / average-only,,12,0.020164961700645988,,,,,,202609264,0.6981,,,,,143939.7833991173
DS,,2.4459811699945727e-07,,0.00048171483740023054,,DS-Air / V1 / average-only,,12,0.0065817147087861355,,,,,,202609264,0.6979000000000001,,,,,144642.67486060417
DS,,7.318102105522416e-06,,0.014412369191901168,,DS-Air / Original / peak,,13,0.33095778238374635,,,,,,202609264,0.6988000000000001,,,,,143939.7833991173
DS,,3.3297536368498995e-06,,0.006557661814549189,,DS-Air / V1 / peak,,13,0.208237561737298,,,,,,202609264,0.6999000000000001,,,,,144642.67486060417
DS,,6.786463557809096e-06,,0.013365353050857103,,Original-cost-matched / baseline / peak,,13,0.3190760801640043,,,,,,202609264,0.6988000000000001,,,,,144524.7833991173
DS,,7.053929034089272e-06,,0.01389210317468069,,gradient_MSE / baseline / peak,,13,0.345307921701199,,,,,,202609264,0.6992,,,,,143939.7833991173
DS,,0.00019463560348911534,,0.38331798804184164,,Noisy stats retrain / baseline / peak,,13,28.077738258852605,,,,,,202609264,0.6932,,,,,90455.5614811265
DS,,0.009514864112316255,,18.738701977660295,,Diagonal Newton / baseline / peak,,13,10.374850244544676,,,,,,202609264,0.5179,,,,,22604.476095995095
DS,,8.86129978633602e-06,,0.017451563561051556,,DS-Air-subspace48 / V1 / peak,,13,0.3407085342416712,,,,,,202609264,0.7019000000000001,,,,,88173.3721603747
DS,,5.847157603487326e-07,,0.0011515471209550107,,DS-Air / Original / average-only,,13,0.016714247982947038,,,,,,202609264,0.6982,,,,,143939.7833991173
DS,,2.8908029781429127e-07,,0.0005693186454805395,,DS-Air / V1 / average-only,,13,0.006363948789062366,,,,,,202609264,0.6998000000000001,,,,,144642.67486060417
DS,,1.2810522685244574e-05,,0.025229216512522242,,DS-Air / Original / peak,,14,0.38795251339319453,,,,,,202609264,0.6955,,,,,143939.7833991173
DS,,5.809606237372858e-06,,0.011441517041611735,,DS-Air / V1 / peak,,14,0.21935710851146417,,,,,,202609264,0.6958000000000001,,,,,144642.67486060417
DS,,1.187339614055033e-05,,0.023383626829990758,,Original-cost-matched / baseline / peak,,14,0.3710582830177547,,,,,,202609264,0.6957,,,,,144524.7833991173
DS,,1.2149905107000252e-05,,0.023928187325578814,,gradient_MSE / baseline / peak,,14,0.3916734506248681,,,,,,202609264,0.6957,,,,,143939.7833991173
DS,,0.00031895162887886987,,0.6281476485947943,,Noisy stats retrain / baseline / peak,,14,33.081223195036706,,,,,,202609264,0.6885,,,,,90455.5614811265
DS,,0.009636409461368803,,18.97807503078863,,Diagonal Newton / baseline / peak,,14,9.912579184491863,,,,,,202609264,0.5257000000000001,,,,,22604.476095995095
DS,,7.206785881117327e-06,,0.014193141515101744,,DS-Air-subspace48 / V1 / peak,,14,0.36529811367954956,,,,,,202609264,0.7007,,,,,88173.3721603747
DS,,7.571077238375824e-07,,0.0014910581837540837,,DS-Air / Original / average-only,,14,0.021323267245233743,,,,,,202609264,0.6984,,,,,143939.7833991173
DS,,2.5617200589904973e-07,,0.0005045086106219921,,DS-Air / V1 / average-only,,14,0.006447493230851636,,,,,,202609264,0.6984,,,,,144642.67486060417
DS,,1.1812418092540965e-05,,0.023263535838113334,,DS-Air / Original / peak,,15,0.3846516927339909,,,,,,202609264,0.6982,,,,,143939.7833991173
DS,,6.719711873447094e-06,,0.013233891381515206,,DS-Air / V1 / peak,,15,0.2648228899590745,,,,,,202609264,0.6956,,,,,144642.67486060417
DS,,1.1111862090456663e-05,,0.021883851379485453,,Original-cost-matched / baseline / peak,,15,0.3727758122795159,,,,,,202609264,0.6979000000000001,,,,,144524.7833991173
DS,,1.1424988923138504e-05,,0.022500527595726794,,gradient_MSE / baseline / peak,,15,0.4043371724086298,,,,,,202609264,0.6975,,,,,143939.7833991173
DS,,0.0002691500725059974,,0.5300677903982985,,Noisy stats retrain / baseline / peak,,15,34.1216987368457,,,,,,202609264,0.6899000000000001,,,,,90455.5614811265
DS,,0.010149754076233666,,19.989062853235605,,Diagonal Newton / baseline / peak,,15,11.698175524600362,,,,,,202609264,0.511,,,,,22604.476095995095
DS,,5.270248442993168e-06,,0.010379298511856105,,DS-Air-subspace48 / V1 / peak,,15,0.36687622560736977,,,,,,202609264,0.6994,,,,,88173.3721603747
DS,,4.674153435485418e-07,,0.0009205340947753834,,DS-Air / Original / average-only,,15,0.017072598599649633,,,,,,202609264,0.6988000000000001,,,,,143939.7833991173
DS,,2.247483734775035e-07,,0.00044262248423573153,,DS-Air / V1 / average-only,,15,0.007121634214179223,,,,,,202609264,0.6977,,,,,144642.67486060417
DS,,0.00013312009154859973,,0.2621685074345025,,Retained GD40 noiseless / baseline,,,0.6521291518729807,,,,,,202609264,0.7100000000000001,,,,,324568.4365347705
DS,,0.0004803343192419083,,1.0,,No-op / baseline,,,1.0,,,,,,202609265,0.7087,,,,,0.0
DS,,0.0,,0.0,,Exact retrain / reference,,,0.0,,,,,,202609265,0.6995,,,,,
DS,,6.830604678176121e-06,,0.014220521841863351,,DS-Air / Original / peak,,0,0.296001002885136,,,,,,202609265,0.6988000000000001,,,,,143939.7833991173
DS,,2.3172370666536295e-06,,0.004824217162560503,,DS-Air / V1 / peak,,0,0.1581872326634643,,,,,,202609265,0.6988000000000001,,,,,144642.67486060417
DS,,6.21864222305971e-06,,0.01294648742333118,,Original-cost-matched / baseline / peak,,0,0.28174114345507967,,,,,,202609265,0.6985,,,,,144524.7833991173
DS,,6.468368612194593e-06,,0.01346638862366393,,gradient_MSE / baseline / peak,,0,0.3058403952834616,,,,,,202609265,0.6978000000000001,,,,,143939.7833991173
DS,,0.00022707372819845162,,0.4727410037176453,,Noisy stats retrain / baseline / peak,,0,27.99749738837696,,,,,,202609265,0.6806,,,,,90455.5614811265
DS,,0.009712242253932583,,20.219755001601822,,Diagonal Newton / baseline / peak,,0,12.636721060940907,,,,,,202609265,0.5221,,,,,22604.476095995095
DS,,6.218706507720912e-06,,0.012946621256494097,,DS-Air-subspace48 / V1 / peak,,0,0.375938083648774,,,,,,202609265,0.7012,,,,,88173.3721603747
DS,,5.029694987778856e-07,,0.0010471238023793542,,DS-Air / Original / average-only,,0,0.01902129397879103,,,,,,202609265,0.7003,,,,,143939.7833991173
DS,,1.1595972897187607e-07,,0.0002414146237872207,,DS-Air / V1 / average-only,,0,0.0062848223337029115,,,,,,202609265,0.6999000000000001,,,,,144642.67486060417
DS,,7.571536432892688e-06,,0.015763055292077673,,DS-Air / Original / peak,,1,0.33471616162221063,,,,,,202609265,0.7000000000000001,,,,,143939.7833991173
DS,,2.263916911124051e-06,,0.004713210820948828,,DS-Air / V1 / peak,,1,0.1596027657573906,,,,,,202609265,0.6990000000000001,,,,,144642.67486060417
DS,,7.042023690309033e-06,,0.014660671553561207,,Original-cost-matched / baseline / peak,,1,0.31734909411801965,,,,,,202609265,0.6999000000000001,,,,,144524.7833991173
DS,,7.26961828530048e-06,,0.015134496941159266,,gradient_MSE / baseline / peak,,1,0.34958274867925887,,,,,,202609265,0.7001000000000001,,,,,143939.7833991173
DS,,0.00023296351723031168,,0.48500285717245506,,Noisy stats retrain / baseline / peak,,1,30.24852246442702,,,,,,202609265,0.6910000000000001,,,,,90455.5614811265
DS,,0.009751410654211652,,20.30129904022244,,Diagonal Newton / baseline / peak,,1,11.546515623338571,,,,,,202609265,0.5172,,,,,22604.476095995095
DS,,6.450398204350268e-06,,0.013428976331590597,,DS-Air-subspace48 / V1 / peak,,1,0.38913645852376577,,,,,,202609265,0.7023,,,,,88173.3721603747
DS,,5.597935639878174e-07,,0.0011654248750564322,,DS-Air / Original / average-only,,1,0.01999816118293983,,,,,,202609265,0.6994,,,,,143939.7833991173
DS,,1.533475437842286e-07,,0.000319251691251732,,DS-Air / V1 / average-only,,1,0.005880383730673945,,,,,,202609265,0.6990000000000001,,,,,144642.67486060417
DS,,1.0514648844026772e-05,,0.02189027188526026,,DS-Air / Original / peak,,2,0.3890135132000395,,,,,,202609265,0.6937,,,,,143939.7833991173
DS,,3.7322542286948057e-06,,0.007770117768360311,,DS-Air / V1 / peak,,2,0.24156346038786558,,,,,,202609265,0.6955,,,,,144642.67486060417
DS,,1.0113314024631344e-05,,0.02105473962508606,,Original-cost-matched / baseline / peak,,2,0.37392466160032567,,,,,,202609265,0.6940000000000001,,,,,144524.7833991173
DS,,1.0135707073652328e-05,,0.02110135933998864,,gradient_MSE / baseline / peak,,2,0.40382748350348724,,,,,,202609265,0.6936,,,,,143939.7833991173
DS,,0.0002473373857165566,,0.5149275740007895,,Noisy stats retrain / baseline / peak,,2,35.8367886906909,,,,,,202609265,0.6884,,,,,90455.5614811265
DS,,0.009616651929219401,,20.020747100471528,,Diagonal Newton / baseline / peak,,2,9.824796445928254,,,,,,202609265,0.5198,,,,,22604.476095995095
DS,,4.817907313222613e-06,,0.010030320799951408,,DS-Air-subspace48 / V1 / peak,,2,0.38103611000766546,,,,,,202609265,0.7004,,,,,88173.3721603747
DS,,5.10832408159659e-07,,0.0010634934621492058,,DS-Air / Original / average-only,,2,0.02059779631297581,,,,,,202609265,0.6984,,,,,143939.7833991173
DS,,1.757063634966621e-07,,0.0003658001447283054,,DS-Air / V1 / average-only,,2,0.007698786020149381,,,,,,202609265,0.6991,,,,,144642.67486060417
DS,,9.132913911655307e-06,,0.019013660997759654,,DS-Air / Original / peak,,3,0.3949586293139711,,,,,,202609265,0.6971,,,,,143939.7833991173
DS,,3.7481825758136132e-06,,0.007803278728301601,,DS-Air / V1 / peak,,3,0.22705818198395666,,,,,,202609265,0.6974,,,,,144642.67486060417
DS,,8.575476671613132e-06,,0.01785314171418659,,Original-cost-matched / baseline / peak,,3,0.3778024030491327,,,,,,202609265,0.6973,,,,,144524.7833991173
DS,,8.569245929656594e-06,,0.017840170036530136,,gradient_MSE / baseline / peak,,3,0.40447829784574657,,,,,,202609265,0.6974,,,,,143939.7833991173
DS,,0.00021931708606707958,,0.45659257996226177,,Noisy stats retrain / baseline / peak,,3,29.690123761080784,,,,,,202609265,0.6931,,,,,90455.5614811265
DS,,0.009747657092593886,,20.2934845629565,,Diagonal Newton / baseline / peak,,3,10.264487897284274,,,,,,202609265,0.5284,,,,,22604.476095995095
DS,,5.686374159331119e-06,,0.011838367427723439,,DS-Air-subspace48 / V1 / peak,,3,0.3644624221592544,,,,,,202609265,0.6997,,,,,88173.3721603747
DS,,5.638953210264042e-07,,0.0011739642545558202,,DS-Air / Original / average-only,,3,0.02266224486290553,,,,,,202609265,0.6995,,,,,143939.7833991173
DS,,1.982102472906481e-07,,0.00041265060469440347,,DS-Air / V1 / average-only,,3,0.008174191702657058,,,,,,202609265,0.6995,,,,,144642.67486060417
DS,,8.513652629535357e-06,,0.01772443127314347,,DS-Air / Original / peak,,4,0.3657756614571905,,,,,,202609265,0.7014,,,,,143939.7833991173
DS,,2.82797156061004e-06,,0.005887506778764652,,DS-Air / V1 / peak,,4,0.2149046140220579,,,,,,202609265,0.6987,,,,,144642.67486060417
DS,,7.921032197696665e-06,,0.016490664689956157,,Original-cost-matched / baseline / peak,,4,0.3496256403784032,,,,,,202609265,0.7021000000000001,,,,,144524.7833991173
DS,,8.065700181147238e-06,,0.016791846549455383,,gradient_MSE / baseline / peak,,4,0.3836167052544841,,,,,,202609265,0.7017,,,,,143939.7833991173
DS,,0.00021123700875943588,,0.43977080191318096,,Noisy stats retrain / baseline / peak,,4,29.849764311386615,,,,,,202609265,0.6901,,,,,90455.5614811265
DS,,0.009820216765476637,,20.44454533454007,,Diagonal Newton / baseline / peak,,4,11.455338293093677,,,,,,202609265,0.5164,,,,,22604.476095995095
DS,,5.9770409971515444e-06,,0.012443501864669715,,DS-Air-subspace48 / V1 / peak,,4,0.35824418282932907,,,,,,202609265,0.7020000000000001,,,,,88173.3721603747
DS,,6.508079065039826e-07,,0.001354906115247242,,DS-Air / Original / average-only,,4,0.01893957279765349,,,,,,202609265,0.7003,,,,,143939.7833991173
DS,,1.9007912077269464e-07,,0.00039572254814665046,,DS-Air / V1 / average-only,,4,0.007300214621750902,,,,,,202609265,0.6991,,,,,144642.67486060417
DS,,1.3872888449492422e-05,,0.028881734853731512,,DS-Air / Original / peak,,5,0.46618097966099153,,,,,,202609265,0.6952,,,,,143939.7833991173
DS,,5.676394183329134e-06,,0.011817590282301609,,DS-Air / V1 / peak,,5,0.2564326584310426,,,,,,202609265,0.6952,,,,,144642.67486060417
DS,,1.2847014669307255e-05,,0.026745985357829863,,Original-cost-matched / baseline / peak,,5,0.44590145663822434,,,,,,202609265,0.6950000000000001,,,,,144524.7833991173
DS,,1.348174048657132e-05,,0.02806741043998062,,gradient_MSE / baseline / peak,,5,0.4759475163241764,,,,,,202609265,0.6949000000000001,,,,,143939.7833991173
DS,,0.0002578560751609875,,0.536826257944573,,Noisy stats retrain / baseline / peak,,5,31.071875190729674,,,,,,202609265,0.6960000000000001,,,,,90455.5614811265
DS,,0.009471325075523137,,19.7181935500077,,Diagonal Newton / baseline / peak,,5,10.212170368690355,,,,,,202609265,0.532,,,,,22604.476095995095
DS,,5.623677323689575e-06,,0.01170783993233128,,DS-Air-subspace48 / V1 / peak,,5,0.3615802157358401,,,,,,202609265,0.7030000000000001,,,,,88173.3721603747
DS,,8.497887891125374e-07,,0.0017691610927441615,,DS-Air / Original / average-only,,5,0.023757490796321955,,,,,,202609265,0.6986,,,,,143939.7833991173
DS,,2.977639632875015e-07,,0.0006199098239689597,,DS-Air / V1 / average-only,,5,0.00650420764453333,,,,,,202609265,0.6987,,,,,144642.67486060417
DS,,7.422943301006257e-06,,0.01545370173158058,,DS-Air / Original / peak,,6,0.32973442051837554,,,,,,202609265,0.6979000000000001,,,,,143939.7833991173
DS,,3.2518190281310368e-06,,0.006769907745220553,,DS-Air / V1 / peak,,6,0.1785451778295897,,,,,,202609265,0.6987,,,,,144642.67486060417
DS,,6.8182881545207385e-06,,0.01419488027689081,,Original-cost-matched / baseline / peak,,6,0.31505905482757113,,,,,,202609265,0.6977,,,,,144524.7833991173
DS,,7.2125679830203065e-06,,0.015015724869302704,,gradient_MSE / baseline / peak,,6,0.34398239450719914,,,,,,202609265,0.6974,,,,,143939.7833991173
DS,,0.0002442586835428535,,0.5085180753445993,,Noisy stats retrain / baseline / peak,,6,30.63613585842671,,,,,,202609265,0.6798000000000001,,,,,90455.5614811265
DS,,0.009867585937801352,,20.5431624235698,,Diagonal Newton / baseline / peak,,6,11.350542110766469,,,,,,202609265,0.5194,,,,,22604.476095995095
DS,,7.160822515717121e-06,,0.014907996844819978,,DS-Air-subspace48 / V1 / peak,,6,0.36816154640878723,,,,,,202609265,0.7039000000000001,,,,,88173.3721603747
DS,,7.335553051877924e-07,,0.0015271765430909293,,DS-Air / Original / average-only,,6,0.020293014210147876,,,,,,202609265,0.6980000000000001,,,,,143939.7833991173
DS,,2.6359959398223747e-07,,0.0005487835938899093,,DS-Air / V1 / average-only,,6,0.007148581826569529,,,,,,202609265,0.6991,,,,,144642.67486060417
DS,,1.1016272207193295e-05,,0.022934593190384187,,DS-Air / Original / peak,,7,0.39294852060742314,,,,,,202609265,0.6974,,,,,143939.7833991173
DS,,3.8028875589646617e-06,,0.007917168119418578,,DS-Air / V1 / peak,,7,0.21649976284712125,,,,,,202609265,0.6982,,,,,144642.67486060417
DS,,1.0284041919478475e-05,,0.02141017517904894,,Original-cost-matched / baseline / peak,,7,0.3765777751229016,,,,,,202609265,0.6973,,,,,144524.7833991173
DS,,1.0771614237531937e-05,,0.022425243847935594,,gradient_MSE / baseline / peak,,7,0.42651742320182245,,,,,,202609265,0.6975,,,,,143939.7833991173
DS,,0.00022018179558252,,0.4583928042660449,,Noisy stats retrain / baseline / peak,,7,29.063306850790998,,,,,,202609265,0.6941,,,,,90455.5614811265
DS,,0.00927617348206341,,19.31191070565936,,Diagonal Newton / baseline / peak,,7,10.818302513062104,,,,,,202609265,0.5151,,,,,22604.476095995095
DS,,6.342377441019053e-06,,0.013204089707828838,,DS-Air-subspace48 / V1 / peak,,7,0.37036576573840285,,,,,,202609265,0.7022,,,,,88173.3721603747
DS,,4.791674693185517e-07,,0.0009975707546252405,,DS-Air / Original / average-only,,7,0.020216534982137605,,,,,,202609265,0.6984,,,,,143939.7833991173
DS,,2.3464032883484604e-07,,0.0004884937832573969,,DS-Air / V1 / average-only,,7,0.006907257598809221,,,,,,202609265,0.6985,,,,,144642.67486060417
DS,,8.251992007628683e-06,,0.01717968439284634,,DS-Air / Original / peak,,8,0.30379478771892554,,,,,,202609265,0.6977,,,,,143939.7833991173
DS,,3.614133351916714e-06,,0.007524203887035909,,DS-Air / V1 / peak,,8,0.18398990646346525,,,,,,202609265,0.6997,,,,,144642.67486060417
DS,,7.636671416092794e-06,,0.01589865872616688,,Original-cost-matched / baseline / peak,,8,0.2923329931700805,,,,,,202609265,0.6980000000000001,,,,,144524.7833991173
DS,,7.95650967697598e-06,,0.01656452466176768,,gradient_MSE / baseline / peak,,8,0.3114503561288049,,,,,,202609265,0.6977,,,,,143939.7833991173
DS,,0.0001969027792040554,,0.4099286087132372,,Noisy stats retrain / baseline / peak,,8,27.765069602426205,,,,,,202609265,0.6922,,,,,90455.5614811265
DS,,0.009322289245155147,,19.40791834293275,,Diagonal Newton / baseline / peak,,8,10.436405832711321,,,,,,202609265,0.5258,,,,,22604.476095995095
DS,,8.415339623992139e-06,,0.017519755068248547,,DS-Air-subspace48 / V1 / peak,,8,0.348824756001447,,,,,,202609265,0.7020000000000001,,,,,88173.3721603747
DS,,5.926462419611133e-07,,0.0012338203168502768,,DS-Air / Original / average-only,,8,0.016935895943837112,,,,,,202609265,0.6984,,,,,143939.7833991173
DS,,2.671171417591962e-07,,0.0005561067178809461,,DS-Air / V1 / average-only,,8,0.006250360105200571,,,,,,202609265,0.6996,,,,,144642.67486060417
DS,,9.548025459403587e-06,,0.019877874798687793,,DS-Air / Original / peak,,9,0.3847082309756405,,,,,,202609265,0.6960000000000001,,,,,143939.7833991173
DS,,5.118508996247632e-06,,0.01065613842526589,,DS-Air / V1 / peak,,9,0.21129789275677732,,,,,,202609265,0.6970000000000001,,,,,144642.67486060417
DS,,9.038678528414337e-06,,0.018817473926659473,,Original-cost-matched / baseline / peak,,9,0.36836601618756054,,,,,,202609265,0.6958000000000001,,,,,144524.7833991173
DS,,9.238652049217744e-06,,0.01923379546104206,,gradient_MSE / baseline / peak,,9,0.38787776729718204,,,,,,202609265,0.6958000000000001,,,,,143939.7833991173
DS,,0.00030390971089247986,,0.6327045533038903,,Noisy stats retrain / baseline / peak,,9,33.01455001588187,,,,,,202609265,0.6886,,,,,90455.5614811265
DS,,0.00947885214271501,,19.733864025529318,,Diagonal Newton / baseline / peak,,9,10.021517408381525,,,,,,202609265,0.5318,,,,,22604.476095995095
DS,,5.97590524307069e-06,,0.012441137357210313,,DS-Air-subspace48 / V1 / peak,,9,0.3632603345794368,,,,,,202609265,0.7011000000000001,,,,,88173.3721603747
DS,,5.646349442323697e-07,,0.001175504063760236,,DS-Air / Original / average-only,,9,0.020812448660900023,,,,,,202609265,0.6989000000000001,,,,,143939.7833991173
DS,,2.0400624766035957e-07,,0.0004247172010992972,,DS-Air / V1 / average-only,,9,0.006157625076666403,,,,,,202609265,0.6994,,,,,144642.67486060417
DS,,7.168918996316665e-06,,0.014924852772608611,,DS-Air / Original / peak,,10,0.3558928242525969,,,,,,202609265,0.6960000000000001,,,,,143939.7833991173
DS,,5.079495702870855e-06,,0.01057491730111563,,DS-Air / V1 / peak,,10,0.23485242976528636,,,,,,202609265,0.6966,,,,,144642.67486060417
DS,,6.770348131104756e-06,,0.014095074742504586,,Original-cost-matched / baseline / peak,,10,0.34405157407894194,,,,,,202609265,0.6961,,,,,144524.7833991173
DS,,6.959831146965549e-06,,0.01448955626978718,,gradient_MSE / baseline / peak,,10,0.38131575451646954,,,,,,202609265,0.6958000000000001,,,,,143939.7833991173
DS,,0.00026983661394374135,,0.5617683416200893,,Noisy stats retrain / baseline / peak,,10,33.907410618303864,,,,,,202609265,0.6889000000000001,,,,,90455.5614811265
DS,,0.009959803887784044,,20.735149434050825,,Diagonal Newton / baseline / peak,,10,11.808759799396066,,,,,,202609265,0.5192,,,,,22604.476095995095
DS,,5.466522850575698e-06,,0.011380662658465221,,DS-Air-subspace48 / V1 / peak,,10,0.3674692114405984,,,,,,202609265,0.7011000000000001,,,,,88173.3721603747
DS,,4.3479034809995024e-07,,0.0009051827668407324,,DS-Air / Original / average-only,,10,0.016898919877741392,,,,,,202609265,0.6986,,,,,143939.7833991173
DS,,2.090722550365445e-07,,0.0004352640372782743,,DS-Air / V1 / average-only,,10,0.006691574740499874,,,,,,202609265,0.6982,,,,,144642.67486060417
DS,,6.422876043382136e-06,,0.013371678404156285,,DS-Air / Original / peak,,11,0.3460919245339894,,,,,,202609265,0.6985,,,,,143939.7833991173
DS,,2.407623982601733e-06,,0.005012392173854214,,DS-Air / V1 / peak,,11,0.20843334542295908,,,,,,202609265,0.6981,,,,,144642.67486060417
DS,,5.924354223711039e-06,,0.012333814150654905,,Original-cost-matched / baseline / peak,,11,0.33214538571957486,,,,,,202609265,0.6983,,,,,144524.7833991173
DS,,6.144760479521767e-06,,0.012792674254922668,,gradient_MSE / baseline / peak,,11,0.35594545558859775,,,,,,202609265,0.6984,,,,,143939.7833991173
DS,,0.00027278982675602904,,0.5679165860698063,,Noisy stats retrain / baseline / peak,,11,30.455445206824443,,,,,,202609265,0.687,,,,,90455.5614811265
DS,,0.009556519908002034,,19.895559249409228,,Diagonal Newton / baseline / peak,,11,11.757592972469915,,,,,,202609265,0.5225000000000001,,,,,22604.476095995095
DS,,6.9032004999861645e-06,,0.014371657871295141,,DS-Air-subspace48 / V1 / peak,,11,0.3590295803517426,,,,,,202609265,0.7002,,,,,88173.3721603747
DS,,5.590887575352779e-07,,0.0011639575502697048,,DS-Air / Original / average-only,,11,0.019814281027189483,,,,,,202609265,0.6994,,,,,143939.7833991173
DS,,1.3254378844983026e-07,,0.000275940700341834,,DS-Air / V1 / average-only,,11,0.007616747780944177,,,,,,202609265,0.6994,,,,,144642.67486060417
DS,,9.601460025373565e-06,,0.019989119329485244,,DS-Air / Original / peak,,12,0.3483856592362849,,,,,,202609265,0.6981,,,,,143939.7833991173
DS,,2.957265340897366e-06,,0.006156681341372182,,DS-Air / V1 / peak,,12,0.18215223771526817,,,,,,202609265,0.6985,,,,,144642.67486060417
DS,,8.914069239403309e-06,,0.018558051928232015,,Original-cost-matched / baseline / peak,,12,0.33180052730839654,,,,,,202609265,0.6984,,,,,144524.7833991173
DS,,9.177375390202068e-06,,0.019106224607657304,,gradient_MSE / baseline / peak,,12,0.3567841670235937,,,,,,202609265,0.6984,,,,,143939.7833991173
DS,,0.0001976937046340131,,0.4115752231612866,,Noisy stats retrain / baseline / peak,,12,28.433385212688624,,,,,,202609265,0.6882,,,,,90455.5614811265
DS,,0.009531396587230475,,19.843255427331286,,Diagonal Newton / baseline / peak,,12,10.01879457474514,,,,,,202609265,0.5196000000000001,,,,,22604.476095995095
DS,,6.008641458035552e-06,,0.01250929033661126,,DS-Air-subspace48 / V1 / peak,,12,0.3661701621059632,,,,,,202609265,0.7012,,,,,88173.3721603747
DS,,6.592327359387146e-07,,0.0013724456269940365,,DS-Air / Original / average-only,,12,0.020286206602884944,,,,,,202609265,0.6991,,,,,143939.7833991173
DS,,2.02318044785646e-07,,0.00042120255971914763,,DS-Air / V1 / average-only,,12,0.006553705246342613,,,,,,202609265,0.6991,,,,,144642.67486060417
DS,,8.78285262407522e-06,,0.018284874247455046,,DS-Air / Original / peak,,13,0.4874813408977811,,,,,,202609265,0.6955,,,,,143939.7833991173
DS,,3.9499999707402195e-06,,0.008223438993437613,,DS-Air / V1 / peak,,13,0.2836036497528102,,,,,,202609265,0.6952,,,,,144642.67486060417
DS,,8.260099559877578e-06,,0.017196563370516914,,Original-cost-matched / baseline / peak,,13,0.4688776687210222,,,,,,202609265,0.6962,,,,,144524.7833991173
DS,,8.602972328488924e-06,,0.017910384463193547,,gradient_MSE / baseline / peak,,13,0.505458240585829,,,,,,202609265,0.6957,,,,,143939.7833991173
DS,,0.00025636238092840747,,0.5337165608591399,,Noisy stats retrain / baseline / peak,,13,36.14662706550915,,,,,,202609265,0.6905,,,,,90455.5614811265
DS,,0.009668862823077428,,20.129444088728434,,Diagonal Newton / baseline / peak,,13,10.77833840745057,,,,,,202609265,0.52,,,,,22604.476095995095
DS,,1.0035643895415558e-05,,0.020893039479782327,,DS-Air-subspace48 / V1 / peak,,13,0.36710860218764463,,,,,,202609265,0.7028,,,,,88173.3721603747
DS,,6.886957156634503e-07,,0.0014337841125955566,,DS-Air / Original / average-only,,13,0.025379124481770834,,,,,,202609265,0.6983,,,,,143939.7833991173
DS,,2.0903366313679133e-07,,0.00043518369344647386,,DS-Air / V1 / average-only,,13,0.008342390451275486,,,,,,202609265,0.6985,,,,,144642.67486060417
DS,,9.200167496585552e-06,,0.019153675113420573,,DS-Air / Original / peak,,14,0.3714441260090979,,,,,,202609265,0.7002,,,,,143939.7833991173
DS,,4.378194592843453e-06,,0.009114890228442089,,DS-Air / V1 / peak,,14,0.1916948578308969,,,,,,202609265,0.6991,,,,,144642.67486060417
DS,,8.50192131905349e-06,,0.017700008053706678,,Original-cost-matched / baseline / peak,,14,0.35316127682019627,,,,,,202609265,0.7001000000000001,,,,,144524.7833991173
DS,,8.682032465513089e-06,,0.018074978442547223,,gradient_MSE / baseline / peak,,14,0.3754964325561396,,,,,,202609265,0.6999000000000001,,,,,143939.7833991173
DS,,0.0002550774778721614,,0.5310415426379268,,Noisy stats retrain / baseline / peak,,14,31.043689388046523,,,,,,202609265,0.6899000000000001,,,,,90455.5614811265
DS,,0.009632469188031512,,20.053676787521734,,Diagonal Newton / baseline / peak,,14,10.826319035474404,,,,,,202609265,0.5215000000000001,,,,,22604.476095995095
DS,,5.578085000697001e-06,,0.011612922036261453,,DS-Air-subspace48 / V1 / peak,,14,0.3796269735907379,,,,,,202609265,0.7015,,,,,88173.3721603747
DS,,6.853156041088115e-07,,0.0014267471147812562,,DS-Air / Original / average-only,,14,0.021598077055478806,,,,,,202609265,0.6982,,,,,143939.7833991173
DS,,2.456777276894539e-07,,0.0005114723596623219,,DS-Air / V1 / average-only,,14,0.006769930876350131,,,,,,202609265,0.6983,,,,,144642.67486060417
DS,,9.066515945719871e-06,,0.018875428180999385,,DS-Air / Original / peak,,15,0.4166185503748069,,,,,,202609265,0.6967,,,,,143939.7833991173
DS,,4.2442615577916755e-06,,0.008836057278793273,,DS-Air / V1 / peak,,15,0.24168419497933802,,,,,,202609265,0.6985,,,,,144642.67486060417
DS,,8.572768357930061e-06,,0.017847503321145375,,Original-cost-matched / baseline / peak,,15,0.399700672567683,,,,,,202609265,0.6968000000000001,,,,,144524.7833991173
DS,,8.950925309946397e-06,,0.01863478196617987,,gradient_MSE / baseline / peak,,15,0.4392055605541327,,,,,,202609265,0.6972,,,,,143939.7833991173
DS,,0.0002458090287442369,,0.5117457131361904,,Noisy stats retrain / baseline / peak,,15,34.10729044531656,,,,,,202609265,0.6916,,,,,90455.5614811265
DS,,0.009500889777545976,,19.779743809563378,,Diagonal Newton / baseline / peak,,15,11.301912834289654,,,,,,202609265,0.5254,,,,,22604.476095995095
DS,,6.996263130756319e-06,,0.014565403408605553,,DS-Air-subspace48 / V1 / peak,,15,0.3889101749858622,,,,,,202609265,0.7021000000000001,,,,,88173.3721603747
DS,,5.066039994907788e-07,,0.0010546904087351718,,DS-Air / Original / average-only,,15,0.01955046834733722,,,,,,202609265,0.6989000000000001,,,,,143939.7833991173
DS,,2.6538426412189066e-07,,0.000552499068858406,,DS-Air / V1 / average-only,,15,0.006756185024811372,,,,,,202609265,0.6996,,,,,144642.67486060417
DS,,0.0001232635076719926,,0.25662023872567397,,Retained GD40 noiseless / baseline,,,0.6600741881602052,,,,,,202609265,0.7100000000000001,,,,,324568.4365347705
OG,0.809166669845581,0.0008836493361741304,0.0008836493361741304,1.0,0.7991666793823242,No-op / baseline,0.5237569212913513,,,0.7425925731658936,0.0005662828334607184,0.0005662828334607184,1.0,0.7433333396911621,371,0.7339000105857849,0.0005993900122120976,0.0005993900122120976,1.0,0.7324999570846558,0.0
OG,0.7991666793823242,0.0,0.0008836493361741304,0.0,0.7991666793823242,Target-free ortho retrain / reference,0.5233430862426758,,,0.7433333396911621,0.0,0.0005662828334607184,0.0,0.7433333396911621,371,0.7324999570846558,0.0,0.0005993900122120976,0.0,0.7324999570846558,227708073.91468227
OG,0.8141666650772095,0.046424392610788345,0.0008836493361741304,52.537121582401134,0.7991666793823242,OG-Air-noiseless / Original,0.525759756565094,-1,,0.7529629468917847,0.04491843283176422,0.0005662828334607184,79.32155131253877,0.7433333396911621,371,0.7382000088691711,0.04551469534635544,0.0005993900122120976,75.93502464009994,0.7324999570846558,1375096.816379545
OG,0.809166669845581,0.0008830493898130953,0.0008836493361741304,0.9993210583242979,0.7991666793823242,OG-Air-noiseless / V1,0.5237562656402588,-1,,0.7425925731658936,0.0005659974995069206,0.0005662828334607184,0.9994961281943617,0.7433333396911621,371,0.7339000105857849,0.0005990646895952523,0.0005993900122120976,0.9994572438475497,0.7324999570846558,1375096.816379545
OG,0.8149999976158142,0.0024909907951951027,0.0008836493361741304,2.8189811197959553,0.7991666793823242,OG-Air / Original,0.5250062346458435,0,,0.7448148131370544,0.0034296901430934668,0.0005662828334607184,6.056496754693476,0.7433333396911621,371,0.7372999787330627,0.003338134614750743,0.0005993900122120976,5.569219617842956,0.7324999570846558,1375096.816379545
OG,0.809166669845581,0.0008829490398056805,0.0008836493361741304,0.9992074951682961,0.7991666793823242,OG-Air / V1,0.5237559080123901,0,,0.7425925731658936,0.0005659767775796354,0.0005662828334607184,0.9994595353010922,0.7433333396911621,371,0.7339000105857849,0.0005990369245409966,0.0005993900122120976,0.9994109216638463,0.7324999570846558,1375096.816379545
OG,0.7983333468437195,0.0018591913394629955,0.0008836493361741304,2.1039922323855245,0.7991666793823242,OG-Air / Original,0.5232027769088745,1,,0.7300000190734863,0.0030905420426279306,0.0005662828334607184,5.457594438702535,0.7433333396911621,371,0.7238999605178833,0.0029175642412155867,0.0005993900122120976,4.867555651199589,0.7324999570846558,1375096.816379545
OG,0.809166669845581,0.000883085245732218,0.0008836493361741304,0.9993616354148415,0.7991666793823242,OG-Air / V1,0.5237559080123901,1,,0.7425925731658936,0.0005660023307427764,0.0005662828334607184,0.9995046596835229,0.7433333396911621,371,0.7339000105857849,0.0005990717909298837,0.0005993900122120976,0.9994690914500902,0.7324999570846558,1375096.816379545
OG,0.809166669845581,0.0018975395942106843,0.0008836493361741304,2.1473898259532653,0.7991666793823242,OG-Air / Original,0.5228909850120544,2,,0.7344444394111633,0.0024911833461374044,0.0005662828334607184,4.399185705335727,0.7433333396911621,371,0.7307999730110168,0.0024794309865683317,0.0005993900122120976,4.1365904270206135,0.7324999570846558,1375096.816379545
OG,0.809166669845581,0.0008830239530652761,0.0008836493361741304,0.9992922723038961,0.7991666793823242,OG-Air / V1,0.5237562656402588,2,,0.7425925731658936,0.0005659727030433714,0.0005662828334607184,0.9994523400692695,0.7433333396911621,371,0.7339000105857849,0.000599037972278893,0.0005993900122120976,0.9994126696707785,0.7324999570846558,1375096.816379545
OG,0.8033333420753479,0.0008407703135162592,0.0008836493361741304,0.9514750694619188,0.7991666793823242,OG-Air / Original,0.5238211750984192,3,,0.734074056148529,0.0013270680792629719,0.0005662828334607184,2.343472203020661,0.7433333396911621,371,0.724299967288971,0.0012270989827811718,0.0005993900122120976,2.0472462967016467,0.7324999570846558,1375096.816379545
OG,0.809166669845581,0.0008830768056213856,0.0008836493361741304,0.9993520839893076,0.7991666793823242,OG-Air / V1,0.5237551927566528,3,,0.7425925731658936,0.0005660058232024312,0.0005662828334607184,0.9995108270250852,0.7433333396911621,371,0.7339000105857849,0.0005990738864056766,0.0005993900122120976,0.9994725874639546,0.7324999570846558,1375096.816379545
OG,0.8116666674613953,0.001200981205329299,0.0008836493361741304,1.3591151559385495,0.7991666793823242,Original-mild / ablation,0.5243815779685974,,,0.745555579662323,0.0016367804491892457,0.0005662828334607184,2.8903939029661316,0.7433333396911621,371,0.7358999848365784,0.0016189470188692212,0.0005993900122120976,2.700990983974467,0.7324999570846558,1374907.816379545
OG,0.8133333325386047,0.001876945374533534,0.0008836493361741304,2.124083952419409,0.7991666793823242,Class-matched-mild / ablation,0.5246868133544922,,,0.7474073767662048,0.0026411882136017084,0.0005662828334607184,4.664079603933325,0.7433333396911621,371,0.7405999898910522,0.002619913313537836,0.0005993900122120976,4.370965915612829,0.7324999570846558,1376205.4621545975
OG,0.809166669845581,0.0008992070215754211,0.0008836493361741304,1.0176061756223906,0.7991666793823242,Retained gate step / baseline,0.5237507224082947,,,0.7425925731658936,0.0005652912659570575,0.0005662828334607184,0.9982489889414426,0.7433333396911621,371,0.7339000105857849,0.0005996860563755035,0.0005993900122120976,1.0004939090698448,0.7324999570846558,1374888.0026647528
OG,0.8075000047683716,0.0035319298040121794,0.0008836493361741304,3.9969812225561197,0.7991666793823242,Retained SGD10 / baseline,0.5231888890266418,,,0.7559259533882141,0.005493131000548601,0.0005662828334607184,9.700331134847382,0.7433333396911621,371,0.7483999729156494,0.00535796582698822,0.0005993900122120976,8.939030877765566,0.7324999570846558,8277610.470105221
OG,0.7625000476837158,0.00909826997667551,0.0008836493361741304,10.296244906455314,0.7991666793823242,FedOSD-core10 / baseline,0.5249521136283875,,,0.7351852059364319,0.004228297155350447,0.0005662828334607184,7.466758491529927,0.7433333396911621,371,0.7272999882698059,0.004819878842681646,0.0005993900122120976,8.041306569146007,0.7324999570846558,76295788.69735512
OG,0.8075000047683716,0.00045890366891399026,0.0008836493361741304,0.5193278036068818,0.7991666793823242,Legacy-Sketch-V1 / baseline,0.5238812565803528,,,0.7437037229537964,0.000374927039956674,0.0005662828334607184,0.6620844175434142,0.7433333396911621,371,0.7340999841690063,0.000375985458958894,0.0005993900122120976,0.6272801536536938,0.7324999570846558,9388485.253550302
OG,0.8341667056083679,0.0014279005117714405,0.0014279005117714405,1.0,0.8174999952316284,No-op / baseline,0.5166226029396057,,,0.7711111307144165,0.0007791402749717236,0.0007791402749717236,1.0,0.7707407474517822,372,0.7669000029563904,0.0008778842748142779,0.0008778842748142779,1.0,0.763700008392334,0.0
OG,0.8174999952316284,0.0,0.0014279005117714405,0.0,0.8174999952316284,Target-free ortho retrain / reference,0.5161406397819519,,,0.7707407474517822,0.0,0.0007791402749717236,0.0,0.7707407474517822,372,0.763700008392334,0.0,0.0008778842748142779,0.0,0.763700008392334,227708073.91468227
OG,0.8216666579246521,0.048931993544101715,0.0014279005117714405,34.26848939454271,0.8174999952316284,OG-Air-noiseless / Original,0.5189569592475891,-1,,0.762592613697052,0.05197663977742195,0.0007791402749717236,66.71024646917178,0.7707407474517822,372,0.7597999572753906,0.05179461091756821,0.0008778842748142779,58.99936062589308,0.763700008392334,1375096.816379545
OG,0.8341667056083679,0.0014276009751483798,0.0014279005117714405,0.9997902258451542,0.8174999952316284,OG-Air-noiseless / V1,0.5166208148002625,-1,,0.7711111307144165,0.0007791242096573114,0.0007791402749717236,0.9999793807162481,0.7707407474517822,372,0.7669000029563904,0.0008778242045082152,0.0008778842748142779,0.9999315737759679,0.763700008392334,1375096.816379545
OG,0.8341667056083679,0.0016480397898703814,0.0014279005117714405,1.1541698992921,0.8174999952316284,OG-Air / Original,0.5163458585739136,0,,0.7681481242179871,0.0018748956499621272,0.0007791402749717236,2.4063646947658697,0.7707407474517822,372,0.765999972820282,0.0018361571710556746,0.0008778842748142779,2.091570863875111,0.763700008392334,1375096.816379545
OG,0.8341667056083679,0.0014275555731728673,0.0014279005117714405,0.9997584295294177,0.8174999952316284,OG-Air / V1,0.5166187286376953,0,,0.7711111307144165,0.0007790845120325685,0.0007791402749717236,0.9999284301672672,0.7707407474517822,372,0.7669000029563904,0.0008777852635830641,0.0008778842748142779,0.9998872160784122,0.763700008392334,1375096.816379545
OG,0.8066666722297668,0.050014644861221313,0.0014279005117714405,35.02670140454926,0.8174999952316284,OG-Air / Original,0.5184791684150696,1,,0.7292592525482178,0.0569012351334095,0.0007791402749717236,73.03079684267965,0.7707407474517822,372,0.7405999898910522,0.05631999298930168,0.0008778842748142779,64.15423376984005,0.763700008392334,1375096.816379545
OG,0.8341667056083679,0.001427843002602458,0.0014279005117714405,0.9999597246667339,0.8174999952316284,OG-Air / V1,0.5166226029396057,1,,0.7711111307144165,0.0007792080868966877,0.0007791402749717236,1.0000870342955466,0.7707407474517822,372,0.7669000029563904,0.0008779317722655833,0.0008778842748142779,1.0000541044562115,0.763700008392334,1375096.816379545
OG,0.8208333253860474,0.00814505759626627,0.0014279005117714405,5.704219256957605,0.8174999952316284,OG-Air / Original,0.51738440990448,2,,0.7488889098167419,0.013439113274216652,0.0007791402749717236,17.24864405797067,0.7707407474517822,372,0.7479999661445618,0.012585851363837719,0.0008778842748142779,14.336572285111654,0.763700008392334,1375096.816379545
OG,0.8341667056083679,0.0014275669818744063,0.0014279005117714405,0.9997664193728593,0.8174999952316284,OG-Air / V1,0.5166180729866028,2,,0.7711111307144165,0.0007791019161231816,0.0007791402749717236,0.9999507677246651,0.7707407474517822,372,0.7669000029563904,0.0008777991752140224,0.0008778842748142779,0.9999030628492879,0.763700008392334,1375096.816379545
OG,0.8316667079925537,0.007767507340759039,0.0014279005117714405,5.439809900426984,0.8174999952316284,OG-Air / Original,0.5176812410354614,3,,0.765925943851471,0.010158374905586243,0.0007791402749717236,13.037928126555785,0.7707407474517822,372,0.7609999775886536,0.009773964993655682,0.0008778842748142779,11.133546042527561,0.763700008392334,1375096.816379545
OG,0.8341667056083679,0.0014274707064032555,0.0014279005117714405,0.9996989948776951,0.8174999952316284,OG-Air / V1,0.5166194438934326,3,,0.7711111307144165,0.0007790805539116263,0.0007791402749717236,0.9999233500538791,0.7707407474517822,372,0.7669000029563904,0.0008777665207162499,0.0008778842748142779,0.9998658660356425,0.763700008392334,1375096.816379545
OG,0.830833375453949,0.0015294814947992563,0.0014279005117714405,1.0711400984805275,0.8174999952316284,Original-mild / ablation,0.5170485973358154,,,0.7692592740058899,0.001814238727092743,0.0007791402749717236,2.328513600658861,0.7707407474517822,372,0.7660999894142151,0.0017701131291687489,0.0008778842748142779,2.016339943602735,0.763700008392334,1374907.816379545
OG,0.830833375453949,0.0016435377765446901,0.0014279005117714405,1.1510170092352807,0.8174999952316284,Class-matched-mild / ablation,0.5165551900863647,,,0.7699999809265137,0.00134358461946249,0.0007791402749717236,1.7244450872614066,0.7707407474517822,372,0.7645999789237976,0.0013787345960736275,0.0008778842748142779,1.570519754856422,0.763700008392334,1376205.4621545975
OG,0.8341667056083679,0.0014605446485802531,0.0014279005117714405,1.022861632543513,0.8174999952316284,Retained gate step / baseline,0.5166055560112,,,0.7718518376350403,0.0007888218387961388,0.0007791402749717236,1.012425957347368,0.7707407474517822,372,0.7670999765396118,0.000891233969014138,0.0008778842748142779,1.0152066674194435,0.763700008392334,1374888.0026647528
OG,0.8300000429153442,0.002120631979778409,0.0014279005117714405,1.4851398695470541,0.8174999952316284,Retained SGD10 / baseline,0.5152965188026428,,,0.7803703546524048,0.0023705570492893457,0.0007791402749717236,3.0425292151344348,0.7707407474517822,372,0.7701999545097351,0.00231561460532248,0.0008778842748142779,2.637721931871218,0.763700008392334,8277610.470105221
OG,0.7983333468437195,0.005629593040794134,0.0014279005117714405,3.9425667225303473,0.8174999952316284,FedOSD-core10 / baseline,0.5157777667045593,,,0.7744444608688354,0.00408425647765398,0.0007791402749717236,5.242004050942182,0.7707407474517822,372,0.7612999677658081,0.004199529066681862,0.0008778842748142779,4.783693235159383,0.763700008392334,76295788.69735512
OG,0.830833375453949,0.0009072212851606309,0.0014279005117714405,0.6353532880488574,0.8174999952316284,Legacy-Sketch-V1 / baseline,0.5167114734649658,,,0.7718518376350403,0.0006253444007597864,0.0007791402749717236,0.8026082348040361,0.7707407474517822,372,0.7669000029563904,0.0006658186903223395,0.0008778842748142779,0.7584356041269765,0.763700008392334,9388485.253550302
OG,0.8050000071525574,0.0012803580611944199,0.0012803580611944199,1.0,0.7941666841506958,No-op / baseline,0.512915313243866,,,0.7633333206176758,0.0009235241450369358,0.0009235241450369358,1.0,0.7637037038803101,373,0.7604999542236328,0.0009516100399196148,0.0009516100399196148,1.0,0.7594999670982361,0.0
OG,0.7941666841506958,0.0,0.0012803580611944199,0.0,0.7941666841506958,Target-free ortho retrain / reference,0.5128118395805359,,,0.7637037038803101,0.0,0.0009235241450369358,0.0,0.7637037038803101,373,0.7594999670982361,0.0,0.0009516100399196148,0.0,0.7594999670982361,227708073.91468227
OG,0.7983333468437195,0.012258605100214481,0.0012803580611944199,9.574356948851229,0.7941666841506958,OG-Air-noiseless / Original,0.5144323110580444,-1,,0.7566666603088379,0.01266817469149828,0.0009235241450369358,13.717210058424214,0.7637037038803101,373,0.7563999891281128,0.012530064210295677,0.0009516100399196148,13.167225738133371,0.7594999670982361,1375096.816379545
OG,0.8050000071525574,0.001280514639802277,0.0012803580611944199,1.0001222928277667,0.7941666841506958,OG-Air-noiseless / V1,0.51291424036026,-1,,0.7633333206176758,0.0009235360193997622,0.0009235241450369358,1.0000128576636464,0.7637037038803101,373,0.7604999542236328,0.0009516197023913264,0.0009516100399196148,1.0000101538143844,0.7594999670982361,1375096.816379545
OG,0.7800000309944153,0.03946695849299431,0.0012803580611944199,30.824938498982377,0.7941666841506958,OG-Air / Original,0.5136736035346985,0,,0.7237036824226379,0.05318319797515869,0.0009235241450369358,57.58723067606604,0.7637037038803101,373,0.7213000059127808,0.05164329707622528,0.0009516100399196148,54.2693907270963,0.7594999670982361,1375096.816379545
OG,0.8050000071525574,0.0012804968282580376,0.0012803580611944199,1.0001083814503329,0.7941666841506958,OG-Air / V1,0.5129138827323914,0,,0.7633333206176758,0.0009235133184120059,0.0009235241450369358,0.9999882768360869,0.7637037038803101,373,0.7604999542236328,0.0009516023565083742,0.0009516100399196148,0.9999919258825377,0.7594999670982361,1375096.816379545
OG,0.7941666841506958,0.005628978367894888,0.0012803580611944199,4.3964095189463865,0.7941666841506958,OG-Air / Original,0.5144764184951782,1,,0.7325925827026367,0.007971730083227158,0.0009235241450369358,8.631858870250039,0.7637037038803101,373,0.7404999732971191,0.00752769922837615,0.0009516100399196148,7.9104873977706625,0.7594999670982361,1375096.816379545
OG,0.8050000071525574,0.0012805502628907561,0.0012803580611944199,1.000150115582634,0.7941666841506958,OG-Air / V1,0.5129138827323914,1,,0.7633333206176758,0.0009235303732566535,0.0009235241450369358,1.0000067439706382,0.7637037038803101,373,0.7604999542236328,0.0009516182471998036,0.0009516100399196148,1.0000086246254711,0.7594999670982361,1375096.816379545
OG,0.8075000047683716,0.03194918483495712,0.0012803580611944199,24.953320327559293,0.7941666841506958,OG-Air / Original,0.5131597518920898,2,,0.7503703832626343,0.03893362358212471,0.0009235241450369358,42.157667226521276,0.7637037038803101,373,0.7513999938964844,0.03803814575076103,0.0009516100399196148,39.972409027939875,0.7594999670982361,1375096.816379545
OG,0.8050000071525574,0.0012804953148588538,0.0012803580611944199,1.0001071994378712,0.7941666841506958,OG-Air / V1,0.5129138827323914,2,,0.7633333206176758,0.000923530082218349,0.0009235241450369358,1.0000064288318233,0.7637037038803101,373,0.7604999542236328,0.0009516143472865224,0.0009516100399196148,1.0000045263991835,0.7594999670982361,1375096.816379545
OG,0.7791666984558105,0.04363254830241203,0.0012803580611944199,34.07839543081263,0.7941666841506958,OG-Air / Original,0.5132847428321838,3,,0.7096296548843384,0.06032625958323479,0.0009235241450369358,65.3218000930794,0.7637037038803101,373,0.7145999670028687,0.05850796401500702,0.0009516100399196148,61.483130232578624,0.7594999670982361,1375096.816379545
OG,0.8050000071525574,0.0012804919388145208,0.0012803580611944199,1.0001045626408414,0.7941666841506958,OG-Air / V1,0.5129138827323914,3,,0.7633333206176758,0.0009235341567546129,0.0009235241450369358,1.0000108407752315,0.7637037038803101,373,0.7604999542236328,0.0009516189456917346,0.0009516100399196148,1.0000093586361494,0.7594999670982361,1375096.816379545
OG,0.8016666769981384,0.0013438538881018758,0.0012803580611944199,1.049592242070333,0.7941666841506958,Original-mild / ablation,0.5131913423538208,,,0.7618518471717834,0.001311800442636013,0.0009235241450369358,1.420428961912575,0.7637037038803101,373,0.7595999836921692,0.0013116530608385801,0.0009516100399196148,1.37835143158996,0.7594999670982361,1374907.816379545
OG,0.809166669845581,0.002788067329674959,0.0012803580611944199,2.1775684585248194,0.7941666841506958,Class-matched-mild / ablation,0.5129850506782532,,,0.7648147940635681,0.003726830706000328,0.0009235241450369358,4.035444797007744,0.7637037038803101,373,0.7612999677658081,0.003545093350112438,0.0009516100399196148,3.725363543255494,0.7594999670982361,1376205.4621545975
OG,0.8041666746139526,0.0012877013068646193,0.0012803580611944199,1.0057353063121648,0.7941666841506958,Retained gate step / baseline,0.5129222273826599,,,0.7637037038803101,0.0009361972333863378,0.0009235241450369358,1.0137225306100635,0.7637037038803101,373,0.760699987411499,0.0009618436452001333,0.0009516100399196148,1.010753990449053,0.7594999670982361,1374888.0026647528
OG,0.7975000143051147,0.0019479312468320131,0.0012803580611944199,1.5213956984929886,0.7941666841506958,Retained SGD10 / baseline,0.5133194327354431,,,0.767037034034729,0.0027654594741761684,0.0009235241450369358,2.9944636413004293,0.7637037038803101,373,0.7608999609947205,0.0026708892546594143,0.0009516100399196148,2.8067056279534754,0.7594999670982361,8277610.470105221
OG,0.7741667032241821,0.011688404716551304,0.0012803580611944199,9.129012477687242,0.7941666841506958,FedOSD-core10 / baseline,0.5153895616531372,,,0.7555555701255798,0.005985977593809366,0.0009235241450369358,6.481668753305806,0.7637037038803101,373,0.7462999820709229,0.006917536724358797,0.0009516100399196148,7.269297752410369,0.7594999670982361,76295788.69735512
OG,0.8041666746139526,0.0009930082596838474,0.0012803580611944199,0.7755707483557297,0.7941666841506958,Legacy-Sketch-V1 / baseline,0.5133770704269409,,,0.7614814639091492,0.0008790083229541779,0.0009235241450369358,0.9517978795443648,0.7637037038803101,373,0.7601000070571899,0.0008555824751965702,0.0009516100399196148,0.8990893741188813,0.7594999670982361,9388485.253550302
RTD,0.7908333539962769,0.0038449184503406286,0.0038449184503406286,1.0,0.7783333659172058,No-op / baseline,0.5226513743400574,,,0.7051851749420166,0.004459929186850786,0.004459929186850786,1.0,0.7088888883590698,371,0.7012999653816223,0.004349221475422382,0.004349221475422382,1.0,0.7141000032424927,0.0
RTD,0.7783333659172058,0.0,0.0038449184503406286,0.0,0.7783333659172058,Target-free KD / reference,0.5196895599365234,,,0.7088888883590698,0.0,0.004459929186850786,0.0,0.7088888883590698,371,0.7141000032424927,0.0,0.004349221475422382,0.0,0.7141000032424927,731657.906347944
RTD,0.7783333659172058,0.0,0.0038449184503406286,0.0,0.7783333659172058,RTD-Air-noiseless / Original,0.5196895599365234,-1,,0.7088888883590698,0.0,0.004459929186850786,0.0,0.7088888883590698,371,0.7141000032424927,0.0,0.004349221475422382,0.0,0.7141000032424927,731755.229781073
RTD,0.7783333659172058,0.0,0.0038449184503406286,0.0,0.7783333659172058,RTD-Air-noiseless / V1,0.5196895599365234,-1,,0.7088888883590698,0.0,0.004459929186850786,0.0,0.7088888883590698,371,0.7141000032424927,0.0,0.004349221475422382,0.0,0.7141000032424927,729505.229781073
RTD,0.7775000333786011,0.0037306651938706636,0.0038449184503406286,0.9702846086475923,0.7783333659172058,RTD-Air / Original / r1,0.5219708681106567,0,,0.6970370411872864,0.005285052582621574,0.004459929186850786,1.1850081831351718,0.7088888883590698,371,0.699400007724762,0.005015175323933363,0.004349221475422382,1.153120242846751,0.7141000032424927,731755.229781073
RTD,0.7800000309944153,0.0019322987645864487,0.0038449184503406286,0.5025591022392849,0.7783333659172058,RTD-Air / Original / r4,0.5214312672615051,0,,0.7048147916793823,0.00276051159016788,0.004459929186850786,0.6189586144790593,0.7088888883590698,371,0.7037999629974365,0.002601092215627432,0.004349221475422382,0.5980592688430111,0.7141000032424927,799255.229781073
RTD,0.7775000333786011,0.0025973862502723932,0.0038449184503406286,0.6755374096535873,0.7783333659172058,RTD-Air / V1 / r1,0.5213521122932434,0,,0.7025926113128662,0.003640232142060995,0.004459929186850786,0.816208506806228,0.7088888883590698,371,0.7012999653816223,0.0034493678249418736,0.004349221475422382,0.7931000627202784,0.7141000032424927,729505.229781073
RTD,0.7766667008399963,0.0018493724055588245,0.0038449184503406286,0.48099132125805816,0.7783333659172058,RTD-Air / V1 / r4,0.5211562514305115,0,,0.7092592716217041,0.0025549924466758966,0.004459929186850786,0.5728773573824408,0.7088888883590698,371,0.7030999660491943,0.0024636799935251474,0.004349221475422382,0.5664645977326052,0.7141000032424927,790255.229781073
RTD,0.7758333683013916,0.0016131870215758681,0.0038449184503406286,0.4195633905923162,0.7783333659172058,Centered-full10 / baseline / r1,0.5212534666061401,0,,0.7048147916793823,0.002120563294738531,0.004459929186850786,0.4754701713629423,0.7088888883590698,371,0.7019999623298645,0.00199784804135561,0.004349221475422382,0.4593576235759724,0.7141000032424927,731755.229781073
RTD,0.7675000429153442,0.00528416084125638,0.0038449184503406286,1.3743232553575346,0.7783333659172058,RTD-Air-query1000 / V1 / r1,0.5209211707115173,0,,0.7062962651252747,0.004855227656662464,0.004459929186850786,1.0886333511700448,0.7088888883590698,371,0.7009999752044678,0.004890305921435356,0.004349221475422382,1.124409494680982,0.7141000032424927,708566.5149889675
RTD,0.784166693687439,0.0032630045898258686,0.0038449184503406286,0.8486537834207623,0.7783333659172058,Digital8 / baseline / r1,0.5215014219284058,0,,0.698888897895813,0.00463487533852458,0.004459929186850786,1.0392262173555553,0.7088888883590698,371,0.6991999745368958,0.004422066267579794,0.004349221475422382,1.01674892680657,0.7141000032424927,1195775.071992693
RTD,0.7775000333786011,0.000624744629021734,0.0038449184503406286,0.16248579445589714,0.7783333659172058,RTD-Air / Original / r1,0.5206222534179688,1,,0.7137036919593811,0.0006605722010135651,0.004459929186850786,0.14811271061458348,0.7088888883590698,371,0.7145999670028687,0.0006443022284656763,0.004349221475422382,0.14814196796062307,0.7141000032424927,731755.229781073
RTD,0.7766667008399963,0.0034563769586384296,0.0038449184503406286,0.8989467535604617,0.7783333659172058,RTD-Air / Original / r4,0.5216104388237,1,,0.6992592811584473,0.00486016646027565,0.004459929186850786,1.0897407238224508,0.7088888883590698,371,0.701200008392334,0.0046482388861477375,0.004349221475422382,1.068751939264329,0.7141000032424927,799255.229781073
RTD,0.7750000357627869,0.0006066869827918708,0.0038449184503406286,0.1577892979077679,0.7783333659172058,RTD-Air / V1 / r1,0.5199534893035889,1,,0.7096296548843384,0.000589237897656858,0.004459929186850786,0.13211821824304043,0.7088888883590698,371,0.7094999551773071,0.0005628122016787529,0.004349221475422382,0.12940527514159172,0.7141000032424927,729505.229781073
RTD,0.7775000333786011,0.002554865786805749,0.0038449184503406286,0.6644785370101695,0.7783333659172058,RTD-Air / V1 / r4,0.5211055874824524,1,,0.7107407450675964,0.003457818180322647,0.004459929186850786,0.7753078659897417,0.7088888883590698,371,0.7038999795913696,0.003306798404082656,0.004349221475422382,0.7603196164576812,0.7141000032424927,790255.229781073
RTD,0.78083336353302,0.004041067324578762,0.0038449184503406286,1.0510150934984737,0.7783333659172058,Centered-full10 / baseline / r1,0.5216805338859558,1,,0.6944444179534912,0.005726287141442299,0.004459929186850786,1.2839412693647956,0.7088888883590698,371,0.6967999935150146,0.005460299551486969,0.004349221475422382,1.2554659684137337,0.7141000032424927,731755.229781073
RTD,0.7766667008399963,0.002547177253291011,0.0038449184503406286,0.662478875999399,0.7783333659172058,RTD-Air-query1000 / V1 / r1,0.5210059285163879,1,,0.7055555582046509,0.0025326814502477646,0.004459929186850786,0.5678748123882487,0.7088888883590698,371,0.7039999961853027,0.0025438463781028986,0.004349221475422382,0.5848969505182186,0.7141000032424927,708566.5149889675
RTD,0.7816666960716248,0.003947502933442593,0.0038449184503406286,1.026680535472183,0.7783333659172058,RTD-Air / Original / r1,0.5217347145080566,2,,0.6966666579246521,0.005265869665890932,0.004459929186850786,1.1807070124378434,0.7088888883590698,371,0.696399986743927,0.005048268940299749,0.004349221475422382,1.1607293325547368,0.7141000032424927,731755.229781073
RTD,0.7758333683013916,0.0009333377238363028,0.0038449184503406286,0.24274577884834375,0.7783333659172058,RTD-Air / Original / r4,0.5198354125022888,2,,0.7044444680213928,0.0012983324704691768,0.004459929186850786,0.2911105571579593,0.7088888883590698,371,0.7045999765396118,0.001270028413273394,0.004349221475422382,0.2920128166501461,0.7141000032424927,799255.229781073
RTD,0.7766667008399963,0.000528600299730897,0.0038449184503406286,0.13748023698241696,0.7783333659172058,RTD-Air / V1 / r1,0.5199881792068481,2,,0.7092592716217041,0.0006533476407639682,0.004459929186850786,0.14649282833687893,0.7088888883590698,371,0.7087999582290649,0.0006408412591554224,0.004349221475422382,0.14734620041238208,0.7141000032424927,729505.229781073
RTD,0.7783333659172058,0.005591126624494791,0.0038449184503406286,1.4541600027952382,0.7783333659172058,RTD-Air / V1 / r4,0.5222097039222717,2,,0.6848148107528687,0.00788361020386219,0.004459929186850786,1.7676536719698255,0.7088888883590698,371,0.6904999613761902,0.007490082178264856,0.004349221475422382,1.7221661901081833,0.7141000032424927,790255.229781073
RTD,0.7791666984558105,0.003935659304261208,0.0038449184503406286,1.0236002024730955,0.7783333659172058,Centered-full10 / baseline / r1,0.5214208364486694,2,,0.6970370411872864,0.005226930137723684,0.004459929186850786,1.1719760379008366,0.7088888883590698,371,0.6972999572753906,0.005021264310926199,0.004349221475422382,1.1545202605343408,0.7141000032424927,731755.229781073
RTD,0.7741667032241821,0.004151948262006044,0.0038449184503406286,1.0798534001776332,0.7783333659172058,RTD-Air-query1000 / V1 / r1,0.5211833119392395,2,,0.7118518352508545,0.0038033549208194017,0.004459929186850786,0.8527837015961681,0.7088888883590698,371,0.7080000042915344,0.003791244700551033,0.004349221475422382,0.8717065162065216,0.7141000032424927,708566.5149889675
RTD,0.7775000333786011,0.0034678864758461714,0.0038449184503406286,0.9019401895348248,0.7783333659172058,RTD-Air / Original / r1,0.5211771130561829,3,,0.6977777481079102,0.004956236109137535,0.004459929186850786,1.1112813458451338,0.7088888883590698,371,0.6997999548912048,0.00470519857481122,0.004349221475422382,1.0818484644666817,0.7141000032424927,731755.229781073
RTD,0.7866666913032532,0.002919708611443639,0.0038449184503406286,0.7593681502360541,0.7783333659172058,RTD-Air / Original / r4,0.5216906070709229,3,,0.7111111283302307,0.0037172180600464344,0.004459929186850786,0.8334701974654468,0.7088888883590698,371,0.7085999846458435,0.003568786196410656,0.004349221475422382,0.820557475993808,0.7141000032424927,799255.229781073
RTD,0.78083336353302,0.0032085259445011616,0.0038449184503406286,0.834484784512637,0.7783333659172058,RTD-Air / V1 / r1,0.5214812755584717,3,,0.695555567741394,0.004559677094221115,0.004459929186850786,1.0223653567559807,0.7088888883590698,371,0.699999988079071,0.004330603871494532,0.004349221475422382,0.9957193249336554,0.7141000032424927,729505.229781073
RTD,0.78083336353302,0.0028114099986851215,0.0038449184503406286,0.7312014636971178,0.7783333659172058,RTD-Air / V1 / r4,0.521153450012207,3,,0.7051851749420166,0.0038510733284056187,0.004459929186850786,0.8634830660001828,0.7088888883590698,371,0.7026000022888184,0.003704816335812211,0.004349221475422382,0.8518343700702,0.7141000032424927,790255.229781073
RTD,0.7800000309944153,0.003759172745049,0.0038449184503406286,0.9776989534631008,0.7783333659172058,Centered-full10 / baseline / r1,0.5215902924537659,3,,0.6944444179534912,0.005443050991743803,0.004459929186850786,1.2204343978804766,0.7088888883590698,371,0.6994999647140503,0.005169265903532505,0.004349221475422382,1.1885497054459575,0.7141000032424927,731755.229781073
RTD,0.7758333683013916,0.003560928162187338,0.0038449184503406286,0.9261388006478704,0.7783333659172058,RTD-Air-query1000 / V1 / r1,0.5207833647727966,3,,0.7122222185134888,0.003473602468147874,0.004459929186850786,0.7788470001696662,0.7088888883590698,371,0.7096999883651733,0.003475730074569583,0.004349221475422382,0.799161434801853,0.7141000032424927,708566.5149889675
RTD,0.8058333396911621,0.0022296635434031487,0.0022296635434031487,1.0,0.7916666865348816,No-op / baseline,0.5167698264122009,,,0.7292592525482178,0.0025200191885232925,0.0025200191885232925,1.0,0.7170370221138,372,0.729200005531311,0.0024832813069224358,0.0024832813069224358,1.0,0.7190999984741211,0.0
RTD,0.7916666865348816,0.0,0.0022296635434031487,0.0,0.7916666865348816,Target-free KD / reference,0.5154381990432739,,,0.7170370221138,0.0,0.0025200191885232925,0.0,0.7170370221138,372,0.7190999984741211,0.0,0.0024832813069224358,0.0,0.7190999984741211,731657.906347944
RTD,0.7916666865348816,0.0,0.0022296635434031487,0.0,0.7916666865348816,RTD-Air-noiseless / Original,0.5154381990432739,-1,,0.7170370221138,0.0,0.0025200191885232925,0.0,0.7170370221138,372,0.7190999984741211,0.0,0.0024832813069224358,0.0,0.7190999984741211,731755.229781073
RTD,0.7916666865348816,0.0,0.0022296635434031487,0.0,0.7916666865348816,RTD-Air-noiseless / V1,0.5154381990432739,-1,,0.7170370221138,0.0,0.0025200191885232925,0.0,0.7170370221138,372,0.7190999984741211,0.0,0.0024832813069224358,0.0,0.7190999984741211,729505.229781073
RTD,0.7891666889190674,0.001784027204848826,0.0022296635434031487,0.8001329214567748,0.7916666865348816,RTD-Air / Original / r1,0.5155208110809326,0,,0.7322221994400024,0.0020550668705254793,0.0025200191885232925,0.8154965168061792,0.7170370221138,372,0.727400004863739,0.002004041336476803,0.0024832813069224358,0.8070134184517495,0.7190999984741211,731755.229781073
RTD,0.79666668176651,0.0017490085447207093,0.0022296635434031487,0.7844271167708053,0.7916666865348816,RTD-Air / Original / r4,0.5146836638450623,0,,0.7300000190734863,0.002531015779823065,0.0025200191885232925,1.0043636934789437,0.7170370221138,372,0.7289999723434448,0.0024135413113981485,0.0024832813069224358,0.9719161919634803,0.7190999984741211,799255.229781073
RTD,0.7916666865348816,0.002571731572970748,0.0022296635434031487,1.1534168823720814,0.7916666865348816,RTD-Air / V1 / r1,0.5148645639419556,0,,0.729629635810852,0.00303833675570786,0.0025200191885232925,1.2056800081305319,0.7170370221138,372,0.7267000079154968,0.0029524746350944042,0.0024832813069224358,1.188940869028425,0.7190999984741211,729505.229781073
RTD,0.7933333516120911,0.0021778522059321404,0.0022296635434031487,0.9767627103989294,0.7916666865348816,RTD-Air / V1 / r4,0.5146333575248718,0,,0.7355555295944214,0.0026776327285915613,0.0025200191885232925,1.0625445793373616,0.7170370221138,372,0.7317999601364136,0.0026058913208544254,0.0024832813069224358,1.0493741943734687,0.7190999984741211,790255.229781073
RTD,0.7933333516120911,0.00250850897282362,0.0022296635434031487,1.1250616624402747,0.7916666865348816,Centered-full10 / baseline / r1,0.5153607726097107,0,,0.7333333492279053,0.0028856194112449884,0.0025200191885232925,1.1450783487628657,0.7170370221138,372,0.7311999797821045,0.0028353205416351557,0.0024832813069224358,1.1417637356393613,0.7190999984741211,731755.229781073
RTD,0.7891666889190674,0.0019546453841030598,0.0022296635434031487,0.8766548611723153,0.7916666865348816,RTD-Air-query1000 / V1 / r1,0.5146389007568359,0,,0.7207407355308533,0.0016311544459313154,0.0025200191885232925,0.6472785815917365,0.7170370221138,372,0.7226999998092651,0.00172813527751714,0.0024832813069224358,0.6959079797765004,0.7190999984741211,708566.5149889675
RTD,0.7983333468437195,0.0014065230498090386,0.0022296635434031487,0.6308230019594141,0.7916666865348816,Digital8 / baseline / r1,0.5152131915092468,0,,0.729629635810852,0.0017556465463712811,0.0025200191885232925,0.6966798325849548,0.7170370221138,372,0.7272999882698059,0.0017068696906790137,0.0024832813069224358,0.6873444768101447,0.7190999984741211,1195775.071992693
RTD,0.7933333516120911,0.0025673075579106808,0.0022296635434031487,1.1514327197511531,0.7916666865348816,RTD-Air / Original / r1,0.5140513777732849,1,,0.7362962961196899,0.003213107120245695,0.0025200191885232925,1.275032799305209,0.7170370221138,372,0.7315999865531921,0.0031252806074917316,0.0024832813069224358,1.2585286245177492,0.7190999984741211,731755.229781073
RTD,0.7933333516120911,0.0018999517196789384,0.0022296635434031487,0.8521248532319055,0.7916666865348816,RTD-Air / Original / r4,0.5143086910247803,1,,0.7337036728858948,0.0023688296787440777,0.0025200191885232925,0.940004619620452,0.7170370221138,372,0.7317000031471252,0.002333391457796097,0.0024832813069224358,0.9396404069452368,0.7190999984741211,799255.229781073
RTD,0.7900000214576721,0.00284740817733109,0.0022296635434031487,1.2770573325987444,0.7916666865348816,RTD-Air / V1 / r1,0.5143986344337463,1,,0.7362962961196899,0.0034542465582489967,0.0025200191885232925,1.3707223238538722,0.7170370221138,372,0.7307999730110168,0.0033674773294478655,0.0024832813069224358,1.356059549137921,0.7190999984741211,729505.229781073
RTD,0.7950000166893005,0.003134871833026409,0.0022296635434031487,1.4059842536787572,0.7916666865348816,RTD-Air / V1 / r4,0.5147132277488708,1,,0.7400000095367432,0.004001852124929428,0.0025200191885232925,1.5880244655099136,0.7170370221138,372,0.7322999835014343,0.0038872435688972473,0.0024832813069224358,1.5653657755410566,0.7190999984741211,790255.229781073
RTD,0.7941666841506958,0.0025112098082900047,0.0022296635434031487,1.1262729821814865,0.7916666865348816,Centered-full10 / baseline / r1,0.514502763748169,1,,0.7362962961196899,0.0033630456309765577,0.0025200191885232925,1.334531755270987,0.7170370221138,372,0.7310000061988831,0.003226421307772398,0.0024832813069224358,1.2992572765632202,0.7190999984741211,731755.229781073
RTD,0.7833333611488342,0.0020440230146050453,0.0022296635434031487,0.9167405641324883,0.7916666865348816,RTD-Air-query1000 / V1 / r1,0.5157271027565002,1,,0.7048147916793823,0.00266956421546638,0.0025200191885232925,1.0593428127945008,0.7170370221138,372,0.7145000100135803,0.002570498501881957,0.0024832813069224358,1.035121753913418,0.7190999984741211,708566.5149889675
RTD,0.7925000190734863,0.0018244886305183172,0.0022296635434031487,0.8182797964815757,0.7916666865348816,RTD-Air / Original / r1,0.5156805515289307,2,,0.7244444489479065,0.0025265454314649105,0.0025200191885232925,1.002589759225382,0.7170370221138,372,0.7224999666213989,0.00237271492369473,0.0024832813069224358,0.955475691408988,0.7190999984741211,731755.229781073
RTD,0.7958333492279053,0.0021827153395861387,0.0022296635434031487,0.9789438169019202,0.7916666865348816,RTD-Air / Original / r4,0.5148968696594238,2,,0.7322221994400024,0.0030621178448200226,0.0025200191885232925,1.2151168763974352,0.7170370221138,372,0.7268999814987183,0.0029276092536747456,0.0024832813069224358,1.178927753981675,0.7190999984741211,799255.229781073
RTD,0.7941666841506958,0.0017813300946727395,0.0022296635434031487,0.7989232725014128,0.7916666865348816,RTD-Air / V1 / r1,0.5163916945457458,2,,0.7166666388511658,0.0016431112308055162,0.0025200191885232925,0.6520233013655599,0.7170370221138,372,0.7193999886512756,0.001607860904186964,0.0024832813069224358,0.6474743315245295,0.7190999984741211,729505.229781073
RTD,0.7941666841506958,0.0027684892993420362,0.0022296635434031487,1.2416623609122992,0.7916666865348816,RTD-Air / V1 / r4,0.5147572755813599,2,,0.7370370626449585,0.0037947192322462797,0.0025200191885232925,1.5058294990483583,0.7170370221138,372,0.7305999994277954,0.003662816481664777,0.0024832813069224358,1.474990558441466,0.7190999984741211,790255.229781073
RTD,0.79666668176651,0.0023747477680444717,0.0022296635434031487,1.065070008015595,0.7916666865348816,Centered-full10 / baseline / r1,0.5149000287055969,2,,0.7325925827026367,0.0035606706514954567,0.0025200191885232925,1.4129537853169984,0.7170370221138,372,0.7263999581336975,0.003344649448990822,0.0024832813069224358,1.34686692146686,0.7190999984741211,731755.229781073
RTD,0.7866666913032532,0.0017356137977913022,0.0022296635434031487,0.7784195973990876,0.7916666865348816,RTD-Air-query1000 / V1 / r1,0.5138663053512573,2,,0.7218518257141113,0.001779324607923627,0.0025200191885232925,0.706075817210858,0.7170370221138,372,0.7226999998092651,0.001798352925106883,0.0024832813069224358,0.7241841349563438,0.7190999984741211,708566.5149889675
RTD,0.7950000166893005,0.002063706051558256,0.0022296635434031487,0.9255683700189175,0.7916666865348816,RTD-Air / Original / r1,0.5151166915893555,3,,0.7318518757820129,0.0029047790449112654,0.0025200191885232925,1.1526813201027404,0.7170370221138,372,0.7300999760627747,0.0027495764661580324,0.0024832813069224358,1.1072351966300669,0.7190999984741211,731755.229781073
RTD,0.7950000166893005,0.0025208001025021076,0.0022296635434031487,1.1305742115039454,0.7916666865348816,RTD-Air / Original / r4,0.5145076513290405,3,,0.7333333492279053,0.003251643618568778,0.0025200191885232925,1.2903249441025926,0.7170370221138,372,0.731499969959259,0.0031759212724864483,0.0024832813069224358,1.2789212658401599,0.7190999984741211,799255.229781073
RTD,0.7950000166893005,0.0037033027037978172,0.0022296635434031487,1.6609244541647052,0.7916666865348816,RTD-Air / V1 / r1,0.5138538479804993,3,,0.7407407164573669,0.004673955030739307,0.0025200191885232925,1.854729936988377,0.7170370221138,372,0.7329999804496765,0.0045597064308822155,0.0024832813069224358,1.8361618630042045,0.7190999984741211,729505.229781073
RTD,0.79666668176651,0.001763927168212831,0.0022296635434031487,0.7911180919792672,0.7916666865348816,RTD-Air / V1 / r4,0.5152708292007446,3,,0.7325925827026367,0.0024835686199367046,0.0025200191885232925,0.985535598795203,0.7170370221138,372,0.7283999919891357,0.0023601511493325233,0.0024832813069224358,0.9504163474163508,0.7190999984741211,790255.229781073
RTD,0.7950000166893005,0.0012366622686386108,0.0022296635434031487,0.5546407538919912,0.7916666865348816,Centered-full10 / baseline / r1,0.514662504196167,3,,0.7248148322105408,0.0016707758186385036,0.0025200191885232925,0.6630012288190402,0.7170370221138,372,0.7240999937057495,0.0016026408411562443,0.0024832813069224358,0.6453722486810883,0.7190999984741211,731755.229781073
RTD,0.784166693687439,0.0033757532946765423,0.0022296635434031487,1.5140191463704475,0.7916666865348816,RTD-Air-query1000 / V1 / r1,0.5165847539901733,3,,0.6959259510040283,0.004738076590001583,0.0025200191885232925,1.8801748064379031,0.7170370221138,372,0.704800009727478,0.004702887497842312,0.0024832813069224358,1.893819876440283,0.7190999984741211,708566.5149889675
RTD,0.7791666984558105,0.001425689086318016,0.001425689086318016,1.0,0.7658333778381348,No-op / baseline,0.5127183794975281,,,0.7292592525482178,0.0010826638899743557,0.0010826638899743557,1.0,0.7344444394111633,373,0.733299970626831,0.0010762506863102317,0.0010762506863102317,1.0,0.7272999882698059,0.0
RTD,0.7658333778381348,0.0,0.001425689086318016,0.0,0.7658333778381348,Target-free KD / reference,0.5119736194610596,,,0.7344444394111633,0.0,0.0010826638899743557,0.0,0.7344444394111633,373,0.7272999882698059,0.0,0.0010762506863102317,0.0,0.7272999882698059,731657.906347944
RTD,0.7658333778381348,0.0,0.001425689086318016,0.0,0.7658333778381348,RTD-Air-noiseless / Original,0.5119736194610596,-1,,0.7344444394111633,0.0,0.0010826638899743557,0.0,0.7344444394111633,373,0.7272999882698059,0.0,0.0010762506863102317,0.0,0.7272999882698059,731755.229781073
RTD,0.7658333778381348,0.0,0.001425689086318016,0.0,0.7658333778381348,RTD-Air-noiseless / V1,0.5119736194610596,-1,,0.7344444394111633,0.0,0.0010826638899743557,0.0,0.7344444394111633,373,0.7272999882698059,0.0,0.0010762506863102317,0.0,0.7272999882698059,729505.229781073
RTD,0.7700000405311584,0.0002834568440448493,0.001425689086318016,0.1988209398284059,0.7658333778381348,RTD-Air / Original / r1,0.5117402672767639,0,,0.7325925827026367,0.0003308618615847081,0.0010826638899743557,0.30559979384972835,0.7344444394111633,373,0.7293999791145325,0.0003128505195491016,0.0010762506863102317,0.2906855470835182,0.7272999882698059,731755.229781073
RTD,0.7691667079925537,0.0001507240376668051,0.001425689086318016,0.10572013148818087,0.7658333778381348,RTD-Air / Original / r4,0.5118180513381958,0,,0.7322221994400024,0.000149763363879174,0.0010826638899743557,0.1383285849523635,0.7344444394111633,373,0.7271999716758728,0.0001529813016531989,0.0010762506863102317,0.14214281449396604,0.7272999882698059,799255.229781073
RTD,0.7675000429153442,0.00046209708671085536,0.001425689086318016,0.3241219219151541,0.7658333778381348,RTD-Air / V1 / r1,0.5119743347167969,0,,0.7292592525482178,0.0005849890294484794,0.0010826638899743557,0.5403237651736363,0.7344444394111633,373,0.7287999987602234,0.0005529313930310309,0.0010762506863102317,0.513757064282742,0.7272999882698059,729505.229781073
RTD,0.7700000405311584,0.0011880770325660706,0.001425689086318016,0.8333352930647717,0.7658333778381348,RTD-Air / V1 / r4,0.5128270983695984,0,,0.7300000190734863,0.0013542099623009562,0.0010826638899743557,1.2508129021769003,0.7344444394111633,373,0.7279999852180481,0.0012655623722821474,0.0010762506863102317,1.1758992476194772,0.7272999882698059,790255.229781073
RTD,0.7633333802223206,0.0008566632168367505,0.001425689086318016,0.6008766042034933,0.7658333778381348,Centered-full10 / baseline / r1,0.5111250281333923,0,,0.729629635810852,0.0009787793969735503,0.0010826638899743557,0.9040473281109744,0.7344444394111633,373,0.7279999852180481,0.0009690413135103881,0.0010762506863102317,0.9003862444284284,0.7272999882698059,731755.229781073
RTD,0.7675000429153442,0.0006385391461662948,0.001425689086318016,0.447881064878869,0.7658333778381348,RTD-Air-query1000 / V1 / r1,0.5119374990463257,0,,0.7262963056564331,0.0007293671369552612,0.0010826638899743557,0.6736782705226617,0.7344444394111633,373,0.7231999635696411,0.0006811789353378117,0.0010762506863102317,0.6329184677903753,0.7272999882698059,708566.5149889675
RTD,0.7625000476837158,0.0012361365370452404,0.001425689086318016,0.8670449601586598,0.7658333778381348,Digital8 / baseline / r1,0.5120090246200562,0,,0.7262963056564331,0.001339444424957037,0.0010826638899743557,1.2371747477315083,0.7344444394111633,373,0.7281999588012695,0.0012440794380381703,0.0010762506863102317,1.1559383458358712,0.7272999882698059,1195775.071992693
RTD,0.7616666555404663,0.0004153981280978769,0.001425689086318016,0.29136656237629194,0.7658333778381348,RTD-Air / Original / r1,0.5114222168922424,1,,0.7274073958396912,0.0005176503327675164,0.0010826638899743557,0.4781265336001717,0.7344444394111633,373,0.7276999950408936,0.0005127249169163406,0.0010762506863102317,0.47639915443319536,0.7272999882698059,731755.229781073
RTD,0.7691667079925537,0.00036083863233216107,0.001425689086318016,0.2530977025741726,0.7658333778381348,RTD-Air / Original / r4,0.5119159817695618,1,,0.7325925827026367,0.00039775590994395316,0.0010826638899743557,0.36738632702839524,0.7344444394111633,373,0.7287999987602234,0.000395167910028249,0.0010762506863102317,0.3671708785459868,0.7272999882698059,799255.229781073
RTD,0.7625000476837158,0.0005039814277552068,0.001425689086318016,0.3535002354943945,0.7658333778381348,RTD-Air / V1 / r1,0.5115795135498047,1,,0.729629635810852,0.0006114245043136179,0.0010826638899743557,0.5647408304419392,0.7344444394111633,373,0.7275999784469604,0.0006059476872906089,0.0010762506863102317,0.5630172365956969,0.7272999882698059,729505.229781073
RTD,0.7675000429153442,0.0011734493309631944,0.001425689086318016,0.8230752007744858,0.7658333778381348,RTD-Air / V1 / r4,0.5131242871284485,1,,0.7311111092567444,0.0012329386081546545,0.0010826638899743557,1.1388008961708866,0.7344444394111633,373,0.7270999550819397,0.001155337318778038,0.0010762506863102317,1.0734834676286649,0.7272999882698059,790255.229781073
RTD,0.7691667079925537,0.0005066649755463004,0.001425689086318016,0.35538251671324295,0.7658333778381348,Centered-full10 / baseline / r1,0.5110180377960205,1,,0.7366666793823242,0.00047333099064417183,0.0010826638899743557,0.43719107566742926,0.7344444394111633,373,0.73089998960495,0.0004895384190604091,0.0010762506863102317,0.4548553838685298,0.7272999882698059,731755.229781073
RTD,0.7666667103767395,0.0005896897055208683,0.001425689086318016,0.4136173245485105,0.7658333778381348,RTD-Air-query1000 / V1 / r1,0.5118882060050964,1,,0.7314814925193787,0.0006368150934576988,0.0010826638899743557,0.5881927894286588,0.7344444394111633,373,0.7275999784469604,0.0006119735771790147,0.0010762506863102317,0.5686162015627388,0.7272999882698059,708566.5149889675
RTD,0.7625000476837158,0.0008864362025633454,0.001425689086318016,0.6217598290330293,0.7658333778381348,RTD-Air / Original / r1,0.5116875171661377,2,,0.7270370125770569,0.0008761018398217857,0.0010826638899743557,0.8092094397297552,0.7344444394111633,373,0.7285000085830688,0.0008492275956086814,0.0010762506863102317,0.7890611419911231,0.7272999882698059,731755.229781073
RTD,0.7625000476837158,0.0007843853090889752,0.001425689086318016,0.5501797808628306,0.7658333778381348,RTD-Air / Original / r4,0.5115736126899719,2,,0.7277777791023254,0.0007561394013464451,0.0010826638899743557,0.6984064106583948,0.7344444394111633,373,0.7286999821662903,0.0007447780226357281,0.0010762506863102317,0.692011658723388,0.7272999882698059,799255.229781073
RTD,0.7716667056083679,0.002203982789069414,0.001425689086318016,1.5459070355665125,0.7658333778381348,RTD-Air / V1 / r1,0.5136736035346985,2,,0.7333333492279053,0.0023177354596555233,0.0010826638899743557,2.1407710011556973,0.7344444394111633,373,0.7292999625205994,0.0022790241055190563,0.0010762506863102317,2.117558794161942,0.7272999882698059,729505.229781073
RTD,0.7608333230018616,0.001293284585699439,0.001425689086318016,0.907129470310722,0.7658333778381348,RTD-Air / V1 / r4,0.511472225189209,2,,0.7344444394111633,0.001203247462399304,0.0010826638899743557,1.11137673800851,0.7344444394111633,373,0.727400004863739,0.0011425192933529615,0.0010762506863102317,1.0615735793580974,0.7272999882698059,790255.229781073
RTD,0.7599999904632568,0.001138864317908883,0.001425689086318016,0.7988167468196825,0.7658333778381348,Centered-full10 / baseline / r1,0.5112743377685547,2,,0.7277777791023254,0.0013962530065327883,0.0010826638899743557,1.2896458628225427,0.7344444394111633,373,0.7270999550819397,0.0012718819780275226,0.0010762506863102317,1.18177111913209,0.7272999882698059,731755.229781073
RTD,0.7666667103767395,0.001024803495965898,0.001425689086318016,0.7188127522337672,0.7658333778381348,RTD-Air-query1000 / V1 / r1,0.5108972191810608,2,,0.732962965965271,0.001213646144606173,0.0010826638899743557,1.1209814567981202,0.7344444394111633,373,0.7275999784469604,0.0011817638296633959,0.0010762506863102317,1.0980377013415905,0.7272999882698059,708566.5149889675
RTD,0.7666667103767395,0.0002155711263185367,0.001425689086318016,0.15120486534358665,0.7658333778381348,RTD-Air / Original / r1,0.5122312307357788,3,,0.7325925827026367,0.0002971732465084642,0.0010826638899743557,0.27448338238703346,0.7344444394111633,373,0.7295999526977539,0.00028097271570004523,0.0010762506863102317,0.2610662360303055,0.7272999882698059,731755.229781073
RTD,0.7700000405311584,0.00012886947661172599,0.001425689086318016,0.09039101010764151,0.7658333778381348,RTD-Air / Original / r4,0.5118340253829956,3,,0.7325925827026367,0.00014617970737162977,0.0010826638899743557,0.13501854890079712,0.7344444394111633,373,0.7297999858856201,0.00013867845700588077,0.0010762506863102317,0.12885330413244112,0.7272999882698059,799255.229781073
RTD,0.7666667103767395,0.00020809225679840893,0.001425689086318016,0.145959072560363,0.7658333778381348,RTD-Air / V1 / r1,0.5122562646865845,3,,0.7322221994400024,0.00028473572456277907,0.0010826638899743557,0.2629954939843088,0.7344444394111633,373,0.7283999919891357,0.00026896834606304765,0.0010762506863102317,0.24991235730140748,0.7272999882698059,729505.229781073
RTD,0.7716667056083679,0.0003120497858617455,0.001425689086318016,0.21887646391938448,0.7658333778381348,RTD-Air / V1 / r4,0.5122048854827881,3,,0.7344444394111633,0.00035315591958351433,0.0010826638899743557,0.3261916490000228,0.7344444394111633,373,0.7313999533653259,0.00034594471799209714,0.0010762506863102317,0.3214350730665902,0.7272999882698059,790255.229781073
RTD,0.768333375453949,0.00024319617659784853,0.001425689086318016,0.17058149559517696,0.7658333778381348,Centered-full10 / baseline / r1,0.5119903087615967,3,,0.732962965965271,0.0002968522603623569,0.0010826638899743557,0.27418690427496223,0.7344444394111633,373,0.7293999791145325,0.0002862997935153544,0.0010762506863102317,0.2660158986721685,0.7272999882698059,731755.229781073
RTD,0.768333375453949,0.0007486860267817974,0.001425689086318016,0.5251397615137489,0.7658333778381348,RTD-Air-query1000 / V1 / r1,0.5112187266349792,3,,0.7307407259941101,0.0008886499563232064,0.0010826638899743557,0.8207994785383073,0.7344444394111633,373,0.7253999710083008,0.0008392059244215488,0.0010762506863102317,0.7797494906123069,0.7272999882698059,708566.5149889675
